State,County,Region,Life Expectancy,Years of Potential Life Lost Rate,% Children in Poverty,% Food Insecure,% Some College,% Fair or Poor Health,% Unemployed,% Uninsured
Alabama,Autauga,South,74.8,9938.0,17.0,15.0,61.0,18.0,2.2,8.0
Alabama,Baldwin,South,76.6,8957.0,14.0,15.0,65.0,17.0,2.3,10.0
Alabama,Barbour,South,72.7,12739.0,35.0,19.0,44.0,28.0,4.4,12.0
Alabama,Bibb,South,73.0,11709.0,21.0,19.0,44.0,25.0,2.5,11.0
Alabama,Blount,South,72.9,11898.0,17.0,17.0,53.0,23.0,2.1,13.0
Alabama,Bullock,South,71.0,15998.0,40.0,17.0,36.0,35.0,2.4,11.0
Alabama,Butler,South,71.5,14616.0,37.0,17.0,42.0,26.0,2.9,10.0
Alabama,Calhoun,South,70.8,14260.0,29.0,18.0,54.0,22.0,2.8,12.0
Alabama,Chambers,South,71.9,12569.0,26.0,17.0,53.0,27.0,2.4,13.0
Alabama,Cherokee,South,72.4,12681.0,21.0,18.0,50.0,20.0,2.4,13.0
Alabama,Chilton,South,72.7,11803.0,22.0,18.0,46.0,20.0,2.2,13.0
Alabama,Choctaw,South,73.1,12977.0,36.0,18.0,48.0,27.0,4.0,11.0
Alabama,Clarke,South,69.9,16382.0,29.0,19.0,41.0,26.0,5.0,11.0
Alabama,Clay,South,71.9,13313.0,25.0,18.0,52.0,25.0,2.4,11.0
Alabama,Cleburne,South,72.1,12586.0,22.0,18.0,51.0,23.0,2.3,12.0
Alabama,Coffee,South,74.2,10339.0,21.0,18.0,61.0,20.0,2.5,12.0
Alabama,Colbert,South,73.0,12370.0,21.0,18.0,58.0,22.0,2.9,11.0
Alabama,Conecuh,South,69.0,18928.0,43.0,17.0,38.0,26.0,3.5,11.0
Alabama,Coosa,South,72.2,14410.0,28.0,16.0,40.0,24.0,2.6,9.0
Alabama,Covington,South,70.6,14664.0,22.0,19.0,51.0,22.0,2.7,11.0
Alabama,Crenshaw,South,70.4,13952.0,27.0,16.0,48.0,24.0,2.7,13.0
Alabama,Cullman,South,72.9,11853.0,21.0,17.0,59.0,22.0,2.0,12.0
Alabama,Dale,South,73.0,11939.0,22.0,19.0,59.0,23.0,2.5,10.0
Alabama,Dallas,South,67.7,20427.0,47.0,19.0,57.0,28.0,5.4,10.0
Alabama,DeKalb,South,72.4,11969.0,29.0,19.0,50.0,28.0,2.3,15.0
Alabama,Elmore,South,74.6,9508.0,17.0,14.0,53.0,19.0,2.1,9.0
Alabama,Escambia,South,70.1,15045.0,29.0,19.0,37.0,26.0,3.1,12.0
Alabama,Etowah,South,70.2,14706.0,26.0,18.0,53.0,22.0,2.8,11.0
Alabama,Fayette,South,70.7,14667.0,22.0,21.0,50.0,25.0,2.9,12.0
Alabama,Franklin,South,71.5,13059.0,34.0,18.0,42.0,26.0,2.6,14.0
Alabama,Geneva,South,70.6,14287.0,27.0,21.0,48.0,23.0,2.4,12.0
Alabama,Greene,South,70.6,16287.0,47.0,21.0,35.0,34.0,4.8,9.0
Alabama,Hale,South,69.9,15927.0,32.0,19.0,51.0,26.0,3.3,11.0
Alabama,Henry,South,74.2,10894.0,23.0,17.0,45.0,26.0,2.6,11.0
Alabama,Houston,South,73.5,11251.0,25.0,17.0,58.0,22.0,2.6,12.0
Alabama,Jackson,South,70.9,13932.0,19.0,20.0,50.0,24.0,2.5,13.0
Alabama,Jefferson,South,72.4,13164.0,22.0,15.0,69.0,20.0,2.5,10.0
Alabama,Lamar,South,72.4,12036.0,23.0,19.0,52.0,22.0,2.8,11.0
Alabama,Lauderdale,South,74.9,9937.0,17.0,16.0,58.0,19.0,2.5,11.0
Alabama,Lawrence,South,71.1,13633.0,19.0,18.0,52.0,24.0,2.3,12.0
Alabama,Lee,South,77.1,7894.0,15.0,16.0,76.0,20.0,2.3,10.0
Alabama,Limestone,South,76.1,8777.0,11.0,15.0,66.0,18.0,2.1,9.0
Alabama,Lowndes,South,67.6,19891.0,42.0,18.0,45.0,30.0,4.6,9.0
Alabama,Macon,South,71.4,15397.0,41.0,17.0,52.0,28.0,3.2,10.0
Alabama,Madison,South,76.5,9054.0,14.0,14.0,77.0,17.0,2.0,8.0
Alabama,Marengo,South,70.8,14679.0,33.0,18.0,54.0,26.0,3.3,10.0
Alabama,Marion,South,72.4,12544.0,24.0,20.0,59.0,23.0,2.9,11.0
Alabama,Marshall,South,71.9,12809.0,22.0,18.0,51.0,21.0,2.1,12.0
Alabama,Mobile,South,72.6,12656.0,25.0,16.0,59.0,25.0,3.1,12.0
Alabama,Monroe,South,70.8,15785.0,28.0,19.0,38.0,26.0,4.3,11.0
Alabama,Montgomery,South,72.7,13219.0,26.0,16.0,64.0,25.0,2.8,11.0
Alabama,Morgan,South,72.8,12502.0,17.0,16.0,57.0,22.0,2.0,12.0
Alabama,Perry,South,68.8,17917.0,50.0,21.0,35.0,33.0,5.0,10.0
Alabama,Pickens,South,71.5,13197.0,30.0,19.0,43.0,26.0,3.0,10.0
Alabama,Pike,South,71.6,13497.0,33.0,17.0,62.0,22.0,2.7,11.0
Alabama,Randolph,South,73.1,11834.0,25.0,18.0,50.0,24.0,2.4,13.0
Alabama,Russell,South,71.0,14160.0,27.0,19.0,61.0,26.0,2.8,12.0
Alabama,St. Clair,South,72.8,11878.0,14.0,15.0,59.0,18.0,2.1,10.0
Alabama,Shelby,South,79.4,6795.0,9.0,13.0,76.0,15.0,1.8,8.0
Alabama,Sumter,South,71.3,15670.0,45.0,19.0,53.0,30.0,3.7,9.0
Alabama,Talladega,South,70.5,15316.0,23.0,18.0,51.0,24.0,2.8,10.0
Alabama,Tallapoosa,South,72.8,12183.0,23.0,18.0,52.0,23.0,2.5,12.0
Alabama,Tuscaloosa,South,74.5,10422.0,24.0,15.0,66.0,21.0,2.3,9.0
Alabama,Walker,South,67.8,18377.0,23.0,20.0,56.0,25.0,2.6,12.0
Alabama,Washington,South,72.6,12864.0,26.0,16.0,52.0,25.0,2.6,10.0
Alabama,Wilcox,South,68.7,19439.0,49.0,20.0,39.0,34.0,8.0,12.0
Alabama,Winston,South,72.7,12031.0,24.0,20.0,41.0,21.0,2.7,12.0
Alaska,Aleutians West,West,85.9,,5.0,13.0,55.0,17.0,3.0,17.0
Alaska,Anchorage,West,76.3,9853.0,10.0,11.0,70.0,14.0,3.4,12.0
Alaska,Bethel,West,68.9,18066.0,36.0,20.0,33.0,30.0,9.7,14.0
Alaska,Denali,West,88.6,,11.0,11.0,41.0,14.0,6.0,13.0
Alaska,Dillingham,West,68.2,20904.0,31.0,15.0,47.0,26.0,6.4,17.0
Alaska,Fairbanks North Star,West,77.7,8713.0,8.0,11.0,72.0,14.0,3.8,11.0
Alaska,Haines,West,78.3,,13.0,13.0,82.0,14.0,6.6,11.0
Alaska,Hoonah-Angoon,West,78.3,,27.0,15.0,51.0,19.0,5.6,17.0
Alaska,Juneau,West,79.8,7262.0,10.0,10.0,71.0,13.0,3.0,12.0
Alaska,Kenai Peninsula,West,77.9,8874.0,12.0,14.0,60.0,16.0,4.7,15.0
Alaska,Ketchikan Gateway,West,77.6,9819.0,12.0,13.0,66.0,15.0,3.7,16.0
Alaska,Kodiak Island,West,77.4,8976.0,9.0,12.0,69.0,16.0,4.4,18.0
Alaska,Kusilvak,West,65.0,24556.0,37.0,25.0,23.0,37.0,15.1,14.0
Alaska,Matanuska-Susitna,West,76.2,8750.0,11.0,12.0,58.0,19.0,4.8,15.0
Alaska,Nome,West,68.9,18090.0,23.0,18.0,40.0,29.0,7.7,15.0
Alaska,North Slope,West,75.8,9617.0,14.0,13.0,55.0,19.0,4.9,15.0
Alaska,Northwest Arctic,West,67.8,19918.0,23.0,18.0,36.0,27.0,9.6,17.0
Alaska,Petersburg,West,78.5,,11.0,12.0,64.0,15.0,5.1,18.0
Alaska,Prince of Wales-Hyder,West,71.9,14378.0,22.0,17.0,53.0,20.0,6.7,19.0
Alaska,Sitka,West,79.0,7687.0,11.0,11.0,75.0,15.0,3.0,15.0
Alaska,Southeast Fairbanks,West,75.4,9720.0,14.0,15.0,56.0,18.0,5.2,16.0
Alaska,Wrangell,West,77.5,,15.0,15.0,60.0,17.0,4.9,21.0
Alaska,Yukon-Koyukuk,West,67.3,22704.0,25.0,20.0,49.0,27.0,9.0,19.0
Arizona,Apache,West,63.8,27851.0,36.0,22.0,56.0,33.0,7.9,13.0
Arizona,Cochise,West,76.1,9424.0,20.0,15.0,62.0,19.0,4.5,11.0
Arizona,Coconino,West,75.9,11546.0,21.0,14.0,73.0,18.0,4.2,14.0
Arizona,Gila,West,69.6,19407.0,28.0,17.0,49.0,22.0,4.3,15.0
Arizona,Graham,West,73.5,11353.0,20.0,15.0,49.0,22.0,3.7,11.0
Arizona,Greenlee,West,75.1,11217.0,10.0,14.0,61.0,20.0,2.9,9.0
Arizona,La Paz,West,69.3,23645.0,29.0,19.0,44.0,25.0,4.8,17.0
Arizona,Maricopa,West,77.5,8525.0,14.0,12.0,68.0,17.0,3.4,12.0
Arizona,Mohave,West,72.8,13413.0,23.0,16.0,53.0,21.0,4.5,14.0
Arizona,Navajo,West,67.1,21728.0,29.0,19.0,51.0,26.0,5.7,15.0
Arizona,Pima,West,76.5,9750.0,18.0,14.0,68.0,19.0,3.8,11.0
Arizona,Pinal,West,78.1,9285.0,12.0,12.0,56.0,20.0,4.1,13.0
Arizona,Santa Cruz,West,79.9,6447.0,29.0,18.0,60.0,25.0,7.6,20.0
Arizona,Yavapai,West,76.4,10160.0,17.0,14.0,61.0,17.0,3.6,16.0
Arizona,Yuma,West,77.8,9876.0,23.0,19.0,56.0,25.0,13.2,17.0
Arkansas,Arkansas,South,68.7,17355.0,23.0,18.0,52.0,26.0,2.7,8.0
Arkansas,Ashley,South,70.9,15009.0,25.0,21.0,51.0,26.0,5.6,10.0
Arkansas,Baxter,South,74.2,11057.0,21.0,20.0,60.0,22.0,3.6,11.0
Arkansas,Benton,South,78.2,6948.0,9.0,14.0,67.0,17.0,2.4,11.0
Arkansas,Boone,South,74.2,10889.0,19.0,18.0,59.0,21.0,3.1,9.0
Arkansas,Bradley,South,71.5,14249.0,29.0,18.0,46.0,28.0,4.6,12.0
Arkansas,Calhoun,South,69.9,17437.0,18.0,16.0,48.0,24.0,2.9,10.0
Arkansas,Carroll,South,75.3,10688.0,19.0,17.0,41.0,23.0,2.9,14.0
Arkansas,Chicot,South,69.8,16985.0,37.0,21.0,50.0,31.0,5.8,11.0
Arkansas,Clark,South,72.1,12304.0,20.0,19.0,54.0,26.0,4.7,9.0
Arkansas,Clay,South,72.8,10838.0,22.0,21.0,49.0,25.0,4.1,10.0
Arkansas,Cleburne,South,75.3,9759.0,21.0,19.0,43.0,23.0,3.9,10.0
Arkansas,Cleveland,South,71.5,13720.0,21.0,18.0,57.0,26.0,3.5,8.0
Arkansas,Columbia,South,71.5,13622.0,28.0,19.0,52.0,24.0,4.3,9.0
Arkansas,Conway,South,73.1,12472.0,23.0,21.0,50.0,27.0,3.8,9.0
Arkansas,Craighead,South,74.4,10320.0,23.0,19.0,62.0,23.0,2.7,10.0
Arkansas,Crawford,South,73.2,11457.0,18.0,19.0,52.0,23.0,3.4,9.0
Arkansas,Crittenden,South,69.2,17011.0,29.0,17.0,53.0,28.0,4.2,9.0
Arkansas,Cross,South,70.9,13763.0,25.0,20.0,48.0,26.0,3.4,10.0
Arkansas,Dallas,South,70.5,16219.0,27.0,17.0,60.0,25.0,3.9,9.0
Arkansas,Desha,South,70.6,15390.0,36.0,21.0,48.0,34.0,4.6,10.0
Arkansas,Drew,South,72.4,12652.0,28.0,19.0,56.0,25.0,4.2,9.0
Arkansas,Faulkner,South,75.7,9026.0,15.0,17.0,67.0,19.0,2.9,8.0
Arkansas,Franklin,South,72.3,12985.0,24.0,21.0,53.0,26.0,3.2,10.0
Arkansas,Fulton,South,72.8,12325.0,25.0,19.0,50.0,28.0,3.8,9.0
Arkansas,Garland,South,72.1,14393.0,29.0,20.0,62.0,20.0,3.7,10.0
Arkansas,Grant,South,73.3,11188.0,14.0,18.0,54.0,21.0,2.9,7.0
Arkansas,Greene,South,73.5,10847.0,19.0,20.0,49.0,24.0,3.3,8.0
Arkansas,Hempstead,South,73.3,11967.0,26.0,19.0,55.0,26.0,3.4,11.0
Arkansas,Hot Spring,South,72.2,12718.0,22.0,20.0,49.0,24.0,3.5,8.0
Arkansas,Howard,South,72.4,12555.0,23.0,18.0,49.0,24.0,3.5,10.0
Arkansas,Independence,South,73.4,11068.0,18.0,20.0,57.0,26.0,3.4,10.0
Arkansas,Izard,South,73.7,11978.0,24.0,22.0,55.0,23.0,5.1,10.0
Arkansas,Jackson,South,70.5,14435.0,32.0,22.0,46.0,28.0,5.1,9.0
Arkansas,Jefferson,South,70.3,15931.0,32.0,17.0,47.0,28.0,4.6,8.0
Arkansas,Johnson,South,73.4,11849.0,20.0,21.0,44.0,29.0,4.4,11.0
Arkansas,Lafayette,South,71.7,14360.0,31.0,19.0,53.0,31.0,4.9,12.0
Arkansas,Lawrence,South,71.3,14246.0,25.0,21.0,55.0,27.0,3.4,9.0
Arkansas,Lee,South,68.9,18152.0,46.0,21.0,33.0,32.0,5.2,10.0
Arkansas,Lincoln,South,72.6,11303.0,25.0,17.0,35.0,28.0,4.0,10.0
Arkansas,Little River,South,71.8,12484.0,25.0,16.0,56.0,23.0,3.5,8.0
Arkansas,Logan,South,71.2,13583.0,23.0,19.0,51.0,24.0,4.0,9.0
Arkansas,Lonoke,South,74.1,9867.0,12.0,16.0,55.0,20.0,2.7,9.0
Arkansas,Madison,South,74.2,10725.0,21.0,18.0,37.0,25.0,2.6,10.0
Arkansas,Marion,South,73.7,11365.0,26.0,21.0,56.0,23.0,4.1,10.0
Arkansas,Miller,South,71.4,13872.0,27.0,19.0,49.0,27.0,3.6,9.0
Arkansas,Mississippi,South,67.9,18348.0,31.0,20.0,47.0,29.0,4.9,8.0
Arkansas,Monroe,South,68.8,18679.0,38.0,20.0,48.0,29.0,3.9,11.0
Arkansas,Montgomery,South,71.9,13842.0,28.0,22.0,45.0,24.0,4.9,13.0
Arkansas,Nevada,South,72.7,13042.0,31.0,22.0,47.0,27.0,3.7,7.0
Arkansas,Newton,South,73.6,11536.0,27.0,17.0,65.0,24.0,3.4,9.0
Arkansas,Ouachita,South,70.8,14753.0,25.0,19.0,55.0,25.0,3.9,8.0
Arkansas,Perry,South,74.1,10349.0,21.0,19.0,58.0,22.0,3.6,9.0
Arkansas,Phillips,South,67.4,20041.0,45.0,22.0,51.0,33.0,6.5,9.0
Arkansas,Pike,South,71.6,13905.0,27.0,20.0,58.0,23.0,3.5,11.0
Arkansas,Poinsett,South,68.7,16532.0,27.0,22.0,46.0,30.0,3.3,9.0
Arkansas,Polk,South,72.2,13275.0,26.0,20.0,58.0,23.0,3.6,11.0
Arkansas,Pope,South,75.1,9343.0,16.0,19.0,54.0,23.0,3.9,11.0
Arkansas,Prairie,South,72.8,12115.0,22.0,17.0,62.0,26.0,3.1,9.0
Arkansas,Pulaski,South,73.8,12283.0,24.0,16.0,69.0,20.0,3.2,9.0
Arkansas,Randolph,South,72.1,13414.0,24.0,21.0,51.0,26.0,3.5,10.0
Arkansas,St. Francis,South,70.4,15430.0,46.0,21.0,44.0,34.0,5.0,11.0
Arkansas,Saline,South,75.5,9602.0,12.0,15.0,67.0,17.0,2.7,8.0
Arkansas,Scott,South,68.3,18531.0,27.0,20.0,52.0,25.0,3.0,9.0
Arkansas,Searcy,South,73.6,10894.0,28.0,25.0,48.0,28.0,4.3,9.0
Arkansas,Sebastian,South,73.5,11659.0,18.0,20.0,59.0,25.0,3.4,11.0
Arkansas,Sevier,South,72.2,11822.0,24.0,20.0,36.0,27.0,3.8,15.0
Arkansas,Sharp,South,73.0,12343.0,25.0,20.0,48.0,26.0,3.9,11.0
Arkansas,Stone,South,74.1,10971.0,26.0,23.0,52.0,26.0,4.1,12.0
Arkansas,Union,South,70.4,15152.0,24.0,17.0,52.0,22.0,4.6,9.0
Arkansas,Van Buren,South,73.9,11385.0,24.0,21.0,39.0,27.0,4.0,10.0
Arkansas,Washington,South,76.8,8081.0,14.0,17.0,64.0,22.0,2.3,14.0
Arkansas,White,South,72.8,11839.0,20.0,19.0,50.0,24.0,3.5,10.0
Arkansas,Woodruff,South,73.2,11239.0,35.0,18.0,40.0,28.0,3.6,9.0
Arkansas,Yell,South,73.9,10521.0,23.0,18.0,43.0,27.0,3.7,12.0
California,Alameda,West,82.0,5217.0,9.0,10.0,79.0,15.0,4.1,4.0
California,Amador,West,78.5,7567.0,14.0,11.0,63.0,16.0,5.1,6.0
California,Butte,West,75.7,9316.0,21.0,15.0,71.0,18.0,5.2,8.0
California,Calaveras,West,78.8,7926.0,16.0,13.0,60.0,17.0,4.2,7.0
California,Colusa,West,79.2,6184.0,14.0,16.0,51.0,24.0,13.0,10.0
California,Contra Costa,West,81.2,5577.0,10.0,9.0,72.0,16.0,4.1,5.0
California,Del Norte,West,73.8,11533.0,21.0,15.0,57.0,24.0,5.7,8.0
California,El Dorado,West,80.6,6327.0,8.0,10.0,73.0,13.0,4.0,5.0
California,Fresno,West,75.9,9008.0,23.0,16.0,58.0,24.0,7.5,8.0
California,Glenn,West,75.4,9723.0,15.0,14.0,51.0,23.0,6.3,9.0
California,Humboldt,West,75.8,9668.0,19.0,16.0,69.0,20.0,4.6,7.0
California,Imperial,West,76.2,8703.0,22.0,21.0,56.0,29.0,17.3,9.0
California,Inyo,West,76.6,10431.0,14.0,13.0,68.0,17.0,3.8,7.0
California,Kern,West,74.2,10697.0,25.0,16.0,52.0,26.0,8.3,8.0
California,Kings,West,76.6,8188.0,20.0,15.0,49.0,26.0,8.2,7.0
California,Lake,West,74.1,12237.0,22.0,15.0,56.0,19.0,5.8,8.0
California,Lassen,West,74.9,11258.0,17.0,14.0,43.0,21.0,5.2,6.0
California,Los Angeles,West,79.4,6746.0,18.0,13.0,67.0,19.0,5.0,9.0
California,Madera,West,76.5,8648.0,24.0,16.0,51.0,25.0,7.5,10.0
California,Marin,West,84.3,4149.0,8.0,9.0,77.0,11.0,3.3,5.0
California,Mariposa,West,78.3,9759.0,22.0,14.0,76.0,20.0,5.1,7.0
California,Mendocino,West,76.8,10093.0,19.0,15.0,57.0,20.0,4.7,10.0
California,Merced,West,76.2,8849.0,23.0,17.0,48.0,29.0,9.0,9.0
California,Modoc,West,74.6,13302.0,28.0,15.0,55.0,18.0,6.3,8.0
California,Mono,West,93.6,4739.0,11.0,10.0,78.0,16.0,3.8,10.0
California,Monterey,West,80.8,6114.0,20.0,13.0,51.0,23.0,7.0,12.0
California,Napa,West,81.2,5210.0,9.0,10.0,67.0,19.0,3.5,7.0
California,Nevada,West,80.0,7472.0,13.0,11.0,72.0,17.0,3.9,6.0
California,Orange,West,81.3,5325.0,11.0,10.0,74.0,16.0,3.6,7.0
California,Placer,West,81.2,5086.0,6.0,9.0,80.0,14.0,3.7,4.0
California,Plumas,West,78.2,8792.0,18.0,13.0,71.0,15.0,7.3,6.0
California,Riverside,West,77.8,7817.0,14.0,11.0,58.0,18.0,4.8,8.0
California,Sacramento,West,78.0,7616.0,14.0,12.0,68.0,19.0,4.4,5.0
California,San Benito,West,79.9,6316.0,11.0,11.0,58.0,18.0,6.0,7.0
California,San Bernardino,West,75.4,9378.0,17.0,12.0,57.0,22.0,4.7,9.0
California,San Diego,West,80.3,5727.0,12.0,11.0,75.0,16.0,3.9,7.0
California,San Francisco,West,82.4,5634.0,11.0,11.0,88.0,13.0,3.3,4.0
California,San Joaquin,West,76.4,8730.0,16.0,13.0,54.0,20.0,6.2,8.0
California,San Luis Obispo,West,80.7,6206.0,12.0,11.0,72.0,15.0,3.5,7.0
California,San Mateo,West,84.1,4006.0,7.0,9.0,80.0,13.0,3.0,5.0
California,Santa Barbara,West,80.6,6123.0,17.0,12.0,65.0,17.0,4.1,9.0
California,Santa Clara,West,83.8,4125.0,7.0,9.0,82.0,15.0,3.5,4.0
California,Santa Cruz,West,81.8,5482.0,14.0,12.0,74.0,17.0,5.7,6.0
California,Shasta,West,74.3,10558.0,16.0,14.0,66.0,16.0,5.1,7.0
California,Sierra,West,81.3,,15.0,13.0,23.0,17.0,4.7,6.0
California,Siskiyou,West,73.1,13488.0,22.0,16.0,64.0,19.0,6.4,8.0
California,Solano,West,78.8,7385.0,12.0,10.0,63.0,18.0,4.7,6.0
California,Sonoma,West,80.6,5997.0,10.0,11.0,67.0,14.0,3.6,7.0
California,Stanislaus,West,75.4,9309.0,16.0,14.0,55.0,20.0,6.4,7.0
California,Sutter,West,77.3,8213.0,19.0,14.0,57.0,23.0,7.8,9.0
California,Tehama,West,74.3,11336.0,21.0,15.0,58.0,21.0,5.8,7.0
California,Trinity,West,77.0,12354.0,30.0,16.0,52.0,20.0,5.7,6.0
California,Tulare,West,75.5,9206.0,23.0,17.0,52.0,26.0,10.0,9.0
California,Tuolumne,West,76.4,9372.0,14.0,13.0,66.0,16.0,5.0,6.0
California,Ventura,West,80.7,5626.0,13.0,11.0,66.0,18.0,4.3,8.0
California,Yolo,West,79.9,5728.0,12.0,12.0,74.0,19.0,4.7,6.0
California,Yuba,West,75.1,9988.0,20.0,15.0,62.0,21.0,6.7,7.0
Colorado,Adams,West,76.9,8283.0,13.0,12.0,61.0,19.0,3.4,11.0
Colorado,Alamosa,West,73.0,12905.0,26.0,15.0,64.0,21.0,3.7,11.0
Colorado,Arapahoe,West,79.1,6895.0,13.0,10.0,74.0,14.0,3.1,10.0
Colorado,Archuleta,West,79.6,8261.0,18.0,12.0,57.0,14.0,3.2,11.0
Colorado,Baca,West,69.8,16304.0,29.0,17.0,67.0,22.0,2.0,9.0
Colorado,Bent,West,74.8,10364.0,27.0,20.0,33.0,23.0,3.0,8.0
Colorado,Boulder,West,82.3,4571.0,8.0,11.0,85.0,11.0,2.8,6.0
Colorado,Broomfield,West,81.9,4980.0,5.0,9.0,86.0,10.0,3.0,4.0
Colorado,Chaffee,West,81.0,6516.0,12.0,13.0,65.0,15.0,3.0,10.0
Colorado,Cheyenne,West,73.8,,20.0,11.0,77.0,15.0,2.1,9.0
Colorado,Clear Creek,West,83.6,4820.0,11.0,10.0,75.0,12.0,2.8,7.0
Colorado,Conejos,West,72.6,12591.0,23.0,15.0,54.0,21.0,3.3,9.0
Colorado,Costilla,West,69.9,20239.0,37.0,20.0,66.0,24.0,4.4,11.0
Colorado,Crowley,West,70.1,16105.0,32.0,19.0,32.0,24.0,4.2,9.0
Colorado,Custer,West,79.2,,22.0,11.0,63.0,14.0,3.2,8.0
Colorado,Delta,West,76.0,9512.0,18.0,15.0,51.0,18.0,3.6,12.0
Colorado,Denver,West,77.4,8060.0,14.0,13.0,82.0,17.0,3.3,9.0
Colorado,Dolores,West,78.5,,16.0,13.0,77.0,15.0,2.9,8.0
Colorado,Douglas,West,82.4,4121.0,3.0,8.0,88.0,10.0,2.9,4.0
Colorado,Eagle,West,89.7,4321.0,7.0,10.0,72.0,14.0,2.6,12.0
Colorado,Elbert,West,80.7,6354.0,7.0,7.0,72.0,13.0,2.6,7.0
Colorado,El Paso,West,76.2,9566.0,9.0,12.0,76.0,15.0,3.3,8.0
Colorado,Fremont,West,75.6,9802.0,20.0,15.0,42.0,17.0,4.9,9.0
Colorado,Garfield,West,80.0,6090.0,11.0,11.0,63.0,15.0,2.9,14.0
Colorado,Gilpin,West,80.0,6625.0,10.0,11.0,73.0,13.0,2.7,5.0
Colorado,Grand,West,83.9,7066.0,9.0,10.0,65.0,12.0,2.7,10.0
Colorado,Gunnison,West,82.9,4090.0,9.0,10.0,79.0,11.0,2.6,7.0
Colorado,Huerfano,West,72.5,14473.0,31.0,18.0,54.0,19.0,5.8,9.0
Colorado,Jefferson,West,78.9,6799.0,8.0,10.0,79.0,13.0,2.9,6.0
Colorado,Kit Carson,West,75.6,10204.0,16.0,13.0,63.0,15.0,1.8,13.0
Colorado,Lake,West,81.3,7783.0,16.0,11.0,61.0,12.0,2.5,13.0
Colorado,La Plata,West,80.3,7126.0,13.0,12.0,75.0,12.0,3.0,10.0
Colorado,Larimer,West,80.5,5743.0,8.0,11.0,82.0,11.0,2.8,7.0
Colorado,Las Animas,West,74.0,12324.0,24.0,18.0,55.0,21.0,5.0,11.0
Colorado,Lincoln,West,77.6,7749.0,17.0,13.0,35.0,18.0,2.8,8.0
Colorado,Logan,West,74.0,11936.0,16.0,13.0,54.0,18.0,2.7,10.0
Colorado,Mesa,West,76.7,8653.0,13.0,13.0,65.0,16.0,3.5,10.0
Colorado,Moffat,West,75.1,10530.0,14.0,14.0,53.0,19.0,3.2,10.0
Colorado,Montezuma,West,74.3,12917.0,22.0,14.0,57.0,18.0,4.0,12.0
Colorado,Montrose,West,77.9,8864.0,14.0,13.0,55.0,16.0,3.3,13.0
Colorado,Morgan,West,75.6,9510.0,15.0,13.0,55.0,18.0,3.0,13.0
Colorado,Otero,West,71.9,13766.0,27.0,19.0,63.0,26.0,4.1,10.0
Colorado,Ouray,West,85.4,,9.0,10.0,85.0,12.0,3.2,6.0
Colorado,Park,West,81.5,7198.0,11.0,10.0,80.0,13.0,2.8,7.0
Colorado,Phillips,West,76.3,9191.0,16.0,13.0,55.0,20.0,2.2,13.0
Colorado,Pitkin,West,94.2,3488.0,5.0,11.0,84.0,10.0,3.3,7.0
Colorado,Prowers,West,73.7,11422.0,25.0,16.0,56.0,22.0,2.8,13.0
Colorado,Pueblo,West,72.5,13502.0,17.0,16.0,60.0,19.0,4.4,8.0
Colorado,Rio Blanco,West,78.7,5866.0,11.0,14.0,62.0,16.0,3.3,9.0
Colorado,Rio Grande,West,72.3,14091.0,25.0,13.0,64.0,17.0,4.0,14.0
Colorado,Routt,West,83.3,5045.0,6.0,10.0,77.0,12.0,2.5,9.0
Colorado,Saguache,West,77.1,9580.0,30.0,15.0,50.0,22.0,3.5,12.0
Colorado,San Miguel,West,86.5,,8.0,11.0,84.0,12.0,3.2,8.0
Colorado,Sedgwick,West,73.5,,23.0,16.0,78.0,19.0,3.1,10.0
Colorado,Summit,West,92.4,4162.0,7.0,9.0,70.0,13.0,2.3,10.0
Colorado,Teller,West,78.4,8621.0,12.0,11.0,67.0,13.0,3.0,6.0
Colorado,Washington,West,74.0,11152.0,18.0,11.0,69.0,15.0,2.3,9.0
Colorado,Weld,West,78.8,6882.0,10.0,11.0,65.0,15.0,3.3,10.0
Colorado,Yuma,West,79.1,5886.0,16.0,13.0,63.0,19.0,2.0,13.0
Connecticut,Fairfield,Northeast,81.2,5172.0,,,,,3.9,
Connecticut,Hartford,Northeast,78.3,7218.0,,,,,3.8,
Connecticut,Litchfield,Northeast,79.1,6767.0,,,,,3.4,
Connecticut,Middlesex,Northeast,80.4,5773.0,,,,,3.2,
Connecticut,New Haven,Northeast,78.0,7774.0,,,,,3.9,
Connecticut,New London,Northeast,78.1,7673.0,,,,,3.6,
Connecticut,Tolland,Northeast,80.2,5837.0,,,,,3.3,
Connecticut,Windham,Northeast,77.2,7901.0,,,,,3.9,
Delaware,Kent,South,75.1,10078.0,16.0,14.0,63.0,17.0,4.5,7.0
Delaware,New Castle,South,77.1,8586.0,15.0,12.0,69.0,16.0,3.9,6.0
Delaware,Sussex,South,77.1,9330.0,17.0,13.0,56.0,16.0,3.8,8.0
District of Columbia,District of Columbia,South,76.5,9241.0,21.0,11.0,85.0,13.0,4.9,3.0
Florida,Alachua,South,77.7,8032.0,18.0,14.0,77.0,18.0,3.1,10.0
Florida,Baker,South,73.5,10954.0,19.0,13.0,46.0,20.0,2.9,11.0
Florida,Bay,South,74.2,11538.0,16.0,14.0,64.0,17.0,2.8,14.0
Florida,Bradford,South,74.1,11049.0,22.0,15.0,40.0,23.0,3.1,12.0
Florida,Brevard,South,75.8,10703.0,15.0,12.0,70.0,15.0,3.0,11.0
Florida,Broward,South,79.3,7598.0,16.0,11.0,68.0,20.0,2.9,15.0
Florida,Calhoun,South,72.7,10924.0,27.0,17.0,36.0,22.0,3.3,15.0
Florida,Charlotte,South,78.8,9589.0,14.0,14.0,59.0,16.0,3.5,14.0
Florida,Citrus,South,72.5,14552.0,21.0,16.0,48.0,16.0,4.5,13.0
Florida,Clay,South,75.4,9534.0,11.0,11.0,68.0,16.0,2.9,10.0
Florida,Collier,South,84.0,6600.0,16.0,12.0,56.0,17.0,2.9,19.0
Florida,Columbia,South,72.4,12795.0,22.0,15.0,49.0,22.0,3.4,14.0
Florida,DeSoto,South,76.6,11835.0,26.0,19.0,36.0,27.0,3.6,23.0
Florida,Dixie,South,73.3,12583.0,33.0,16.0,32.0,25.0,3.6,15.0
Florida,Duval,South,74.3,11402.0,19.0,13.0,66.0,19.0,3.1,12.0
Florida,Escambia,South,72.7,12586.0,21.0,14.0,65.0,19.0,3.1,12.0
Florida,Flagler,South,77.9,8876.0,15.0,12.0,62.0,16.0,3.7,11.0
Florida,Franklin,South,75.1,10085.0,27.0,17.0,36.0,21.0,2.9,20.0
Florida,Gadsden,South,72.9,12920.0,30.0,15.0,45.0,23.0,3.9,16.0
Florida,Gilchrist,South,74.9,10657.0,19.0,14.0,45.0,20.0,3.3,14.0
Florida,Glades,South,80.0,11002.0,23.0,17.0,36.0,27.0,3.8,25.0
Florida,Gulf,South,74.3,10296.0,22.0,14.0,43.0,19.0,2.7,14.0
Florida,Hamilton,South,71.5,14094.0,32.0,17.0,28.0,26.0,4.3,15.0
Florida,Hardee,South,74.0,11769.0,24.0,20.0,35.0,28.0,4.1,18.0
Florida,Hendry,South,74.9,10573.0,26.0,17.0,39.0,28.0,4.8,24.0
Florida,Hernando,South,74.4,11322.0,16.0,14.0,62.0,19.0,3.8,14.0
Florida,Highlands,South,75.0,12966.0,27.0,16.0,52.0,21.0,4.3,19.0
Florida,Hillsborough,South,77.5,8049.0,15.0,13.0,68.0,17.0,2.9,13.0
Florida,Holmes,South,71.1,13511.0,27.0,16.0,40.0,22.0,3.2,15.0
Florida,Indian River,South,78.3,9380.0,17.0,13.0,63.0,17.0,3.5,14.0
Florida,Jackson,South,71.9,13579.0,27.0,15.0,40.0,24.0,3.4,12.0
Florida,Jefferson,South,75.3,10233.0,43.0,14.0,48.0,20.0,3.2,15.0
Florida,Lafayette,South,73.3,11326.0,26.0,16.0,28.0,26.0,3.3,18.0
Florida,Lake,South,77.4,9159.0,13.0,12.0,61.0,18.0,3.1,13.0
Florida,Lee,South,80.6,8494.0,17.0,13.0,57.0,16.0,3.2,17.0
Florida,Leon,South,77.1,8452.0,19.0,13.0,77.0,17.0,3.1,11.0
Florida,Levy,South,74.4,10862.0,25.0,15.0,43.0,20.0,3.5,17.0
Florida,Liberty,South,74.3,10119.0,26.0,17.0,32.0,24.0,3.3,16.0
Florida,Madison,South,72.4,11824.0,28.0,15.0,42.0,28.0,3.3,16.0
Florida,Manatee,South,79.8,8820.0,13.0,12.0,63.0,18.0,3.0,16.0
Florida,Marion,South,74.0,12581.0,25.0,14.0,54.0,20.0,3.6,16.0
Florida,Martin,South,80.4,7340.0,17.0,12.0,64.0,15.0,2.9,14.0
Florida,Miami-Dade,South,79.7,6314.0,17.0,14.0,64.0,22.0,1.8,16.0
Florida,Monroe,South,80.8,7731.0,14.0,12.0,63.0,16.0,1.9,15.0
Florida,Nassau,South,76.4,9847.0,13.0,12.0,65.0,14.0,2.8,9.0
Florida,Okaloosa,South,75.9,9412.0,14.0,12.0,72.0,16.0,2.6,12.0
Florida,Okeechobee,South,73.2,12549.0,24.0,16.0,48.0,26.0,3.2,18.0
Florida,Orange,South,78.9,7030.0,15.0,12.0,71.0,18.0,2.8,13.0
Florida,Osceola,South,77.7,7380.0,14.0,14.0,64.0,21.0,3.4,13.0
Florida,Palm Beach,South,80.7,7624.0,15.0,12.0,66.0,18.0,3.0,16.0
Florida,Pasco,South,76.2,9901.0,12.0,13.0,64.0,16.0,3.3,12.0
Florida,Pinellas,South,77.6,9370.0,15.0,13.0,71.0,18.0,2.8,13.0
Florida,Polk,South,76.1,9798.0,18.0,14.0,56.0,22.0,3.7,15.0
Florida,Putnam,South,70.8,15843.0,28.0,17.0,40.0,25.0,4.0,17.0
Florida,St. Johns,South,81.0,5815.0,6.0,10.0,76.0,11.0,2.7,8.0
Florida,St. Lucie,South,78.2,8816.0,12.0,12.0,60.0,19.0,3.5,14.0
Florida,Santa Rosa,South,76.3,8239.0,9.0,12.0,68.0,16.0,2.8,10.0
Florida,Sarasota,South,80.3,8416.0,13.0,12.0,67.0,14.0,3.0,13.0
Florida,Seminole,South,79.1,7002.0,11.0,11.0,77.0,15.0,2.8,12.0
Florida,Sumter,South,78.4,10415.0,25.0,13.0,42.0,15.0,4.2,11.0
Florida,Suwannee,South,72.9,11924.0,25.0,15.0,43.0,21.0,3.4,16.0
Florida,Taylor,South,72.6,12289.0,25.0,14.0,28.0,22.0,3.4,13.0
Florida,Union,South,67.9,17101.0,21.0,14.0,31.0,23.0,3.0,11.0
Florida,Volusia,South,75.0,11240.0,19.0,13.0,64.0,16.0,3.3,13.0
Florida,Wakulla,South,74.5,8820.0,14.0,10.0,51.0,17.0,2.7,11.0
Florida,Walton,South,76.9,9110.0,14.0,13.0,57.0,16.0,2.8,14.0
Florida,Washington,South,72.6,10978.0,25.0,17.0,44.0,23.0,3.3,17.0
Georgia,Appling,South,71.5,14664.0,34.0,18.0,47.0,22.0,3.4,19.0
Georgia,Atkinson,South,69.1,15714.0,34.0,19.0,37.0,28.0,3.1,21.0
Georgia,Bacon,South,69.5,16179.0,31.0,19.0,52.0,24.0,2.9,17.0
Georgia,Baker,South,71.8,17337.0,39.0,16.0,65.0,24.0,3.8,11.0
Georgia,Baldwin,South,72.7,12279.0,29.0,15.0,57.0,22.0,4.2,15.0
Georgia,Banks,South,73.9,10880.0,17.0,15.0,58.0,23.0,2.2,18.0
Georgia,Barrow,South,74.9,9299.0,16.0,12.0,57.0,18.0,2.8,16.0
Georgia,Bartow,South,73.9,10527.0,13.0,13.0,58.0,19.0,3.1,16.0
Georgia,Ben Hill,South,69.7,15005.0,35.0,18.0,41.0,28.0,4.3,15.0
Georgia,Berrien,South,71.2,14035.0,28.0,19.0,50.0,23.0,3.7,15.0
Georgia,Bibb,South,70.6,14812.0,32.0,17.0,59.0,23.0,4.0,16.0
Georgia,Bleckley,South,72.2,12846.0,27.0,16.0,63.0,20.0,4.2,12.0
Georgia,Brantley,South,71.5,14472.0,26.0,17.0,46.0,22.0,3.5,18.0
Georgia,Brooks,South,73.9,10488.0,36.0,18.0,47.0,27.0,3.4,15.0
Georgia,Bryan,South,74.9,9532.0,9.0,11.0,74.0,15.0,2.6,11.0
Georgia,Bulloch,South,75.3,9168.0,23.0,16.0,66.0,19.0,3.4,14.0
Georgia,Burke,South,73.0,12349.0,31.0,14.0,55.0,23.0,5.5,12.0
Georgia,Butts,South,71.9,12208.0,20.0,14.0,41.0,21.0,2.9,14.0
Georgia,Calhoun,South,73.6,11948.0,40.0,16.0,33.0,31.0,2.8,15.0
Georgia,Camden,South,76.5,8626.0,14.0,15.0,62.0,20.0,3.0,12.0
Georgia,Candler,South,67.8,18173.0,31.0,17.0,50.0,27.0,2.5,20.0
Georgia,Carroll,South,73.0,11392.0,18.0,15.0,56.0,18.0,3.3,14.0
Georgia,Catoosa,South,75.3,9551.0,15.0,14.0,62.0,16.0,2.7,12.0
Georgia,Charlton,South,73.5,11365.0,29.0,16.0,40.0,25.0,3.1,16.0
Georgia,Chatham,South,75.6,10235.0,22.0,13.0,69.0,17.0,2.9,14.0
Georgia,Chattahoochee,South,75.4,9997.0,17.0,17.0,73.0,23.0,4.5,8.0
Georgia,Chattooga,South,70.6,14488.0,29.0,18.0,44.0,24.0,3.7,17.0
Georgia,Cherokee,South,79.4,5753.0,7.0,11.0,72.0,16.0,2.6,13.0
Georgia,Clarke,South,77.3,8073.0,25.0,17.0,76.0,21.0,3.3,15.0
Georgia,Clay,South,72.6,16381.0,39.0,17.0,62.0,23.0,7.8,14.0
Georgia,Clayton,South,73.8,11266.0,27.0,12.0,54.0,25.0,4.1,15.0
Georgia,Clinch,South,69.8,14491.0,28.0,20.0,40.0,28.0,2.8,18.0
Georgia,Cobb,South,79.1,6458.0,12.0,10.0,77.0,13.0,2.8,13.0
Georgia,Coffee,South,71.6,12805.0,30.0,16.0,42.0,24.0,3.6,19.0
Georgia,Colquitt,South,71.6,13173.0,35.0,18.0,44.0,27.0,2.8,20.0
Georgia,Columbia,South,78.4,7070.0,8.0,11.0,75.0,17.0,3.0,10.0
Georgia,Cook,South,71.8,13071.0,29.0,17.0,58.0,25.0,3.2,17.0
Georgia,Coweta,South,76.4,8324.0,12.0,11.0,71.0,16.0,2.9,11.0
Georgia,Crawford,South,71.7,13688.0,25.0,16.0,56.0,20.0,3.2,16.0
Georgia,Crisp,South,70.1,16331.0,40.0,18.0,54.0,23.0,3.7,14.0
Georgia,Dade,South,73.0,11895.0,16.0,13.0,53.0,17.0,2.6,14.0
Georgia,Dawson,South,76.9,8319.0,12.0,13.0,73.0,15.0,2.6,14.0
Georgia,Decatur,South,71.0,14703.0,31.0,17.0,54.0,24.0,3.4,14.0
Georgia,DeKalb,South,78.2,8477.0,18.0,11.0,73.0,18.0,3.3,14.0
Georgia,Dodge,South,71.3,13999.0,30.0,18.0,49.0,21.0,3.8,14.0
Georgia,Dooly,South,73.2,13389.0,32.0,15.0,42.0,24.0,3.8,15.0
Georgia,Dougherty,South,70.3,15702.0,37.0,17.0,59.0,26.0,4.3,16.0
Georgia,Douglas,South,75.6,8876.0,18.0,11.0,66.0,20.0,3.4,14.0
Georgia,Early,South,69.7,16356.0,38.0,15.0,41.0,25.0,3.9,14.0
Georgia,Echols,South,76.8,7911.0,32.0,14.0,36.0,22.0,2.8,19.0
Georgia,Effingham,South,74.9,9467.0,10.0,11.0,65.0,16.0,2.6,11.0
Georgia,Elbert,South,71.1,14106.0,27.0,16.0,51.0,23.0,3.6,18.0
Georgia,Emanuel,South,70.1,13933.0,34.0,18.0,43.0,26.0,4.2,17.0
Georgia,Evans,South,70.7,14703.0,35.0,16.0,40.0,27.0,2.9,18.0
Georgia,Fannin,South,74.1,12245.0,23.0,16.0,55.0,20.0,2.8,18.0
Georgia,Fayette,South,79.5,6478.0,8.0,9.0,79.0,13.0,3.0,10.0
Georgia,Floyd,South,72.6,11716.0,26.0,17.0,56.0,23.0,3.2,16.0
Georgia,Forsyth,South,81.0,4425.0,5.0,9.0,83.0,12.0,2.5,8.0
Georgia,Franklin,South,72.1,12333.0,24.0,17.0,61.0,22.0,3.2,17.0
Georgia,Fulton,South,77.5,8075.0,17.0,12.0,81.0,14.0,3.4,11.0
Georgia,Gilmer,South,75.4,10784.0,21.0,16.0,53.0,17.0,3.1,17.0
Georgia,Glascock,South,71.8,11756.0,20.0,16.0,55.0,20.0,3.4,12.0
Georgia,Glynn,South,74.7,11817.0,22.0,14.0,53.0,17.0,2.8,16.0
Georgia,Gordon,South,73.1,11132.0,17.0,15.0,48.0,24.0,3.0,20.0
Georgia,Grady,South,74.2,11368.0,28.0,16.0,52.0,24.0,3.1,18.0
Georgia,Greene,South,76.1,11079.0,26.0,12.0,57.0,18.0,3.3,14.0
Georgia,Gwinnett,South,79.3,6209.0,15.0,11.0,66.0,17.0,2.9,15.0
Georgia,Habersham,South,74.8,9824.0,17.0,15.0,49.0,22.0,3.1,18.0
Georgia,Hall,South,77.2,8170.0,14.0,14.0,51.0,21.0,2.4,19.0
Georgia,Hancock,South,70.7,15832.0,44.0,17.0,34.0,28.0,5.5,14.0
Georgia,Haralson,South,71.2,12727.0,23.0,15.0,56.0,18.0,3.2,14.0
Georgia,Harris,South,78.8,7326.0,11.0,11.0,69.0,16.0,2.8,9.0
Georgia,Hart,South,74.2,11167.0,21.0,14.0,57.0,19.0,2.9,15.0
Georgia,Heard,South,71.2,14528.0,24.0,18.0,46.0,21.0,3.1,15.0
Georgia,Henry,South,75.3,9126.0,16.0,9.0,66.0,17.0,3.5,10.0
Georgia,Houston,South,75.0,9565.0,18.0,12.0,71.0,17.0,2.9,11.0
Georgia,Irwin,South,71.7,12087.0,30.0,16.0,54.0,23.0,3.9,15.0
Georgia,Jackson,South,75.1,9049.0,10.0,12.0,59.0,19.0,2.1,14.0
Georgia,Jasper,South,73.8,11123.0,21.0,14.0,44.0,21.0,2.9,14.0
Georgia,Jeff Davis,South,70.7,13865.0,28.0,19.0,50.0,27.0,4.3,18.0
Georgia,Jefferson,South,68.8,15667.0,33.0,14.0,39.0,29.0,4.0,19.0
Georgia,Jenkins,South,71.8,12473.0,36.0,19.0,49.0,29.0,5.0,15.0
Georgia,Johnson,South,71.8,13597.0,32.0,17.0,33.0,28.0,2.9,17.0
Georgia,Jones,South,75.6,9119.0,18.0,13.0,57.0,20.0,3.1,12.0
Georgia,Lamar,South,71.9,12813.0,20.0,13.0,62.0,21.0,3.4,13.0
Georgia,Lanier,South,74.6,9926.0,27.0,21.0,61.0,27.0,3.8,14.0
Georgia,Laurens,South,70.8,14998.0,29.0,17.0,53.0,23.0,4.1,14.0
Georgia,Lee,South,75.1,8773.0,14.0,11.0,71.0,17.0,2.8,12.0
Georgia,Liberty,South,72.9,12510.0,22.0,14.0,65.0,22.0,3.3,12.0
Georgia,Lincoln,South,74.7,11825.0,23.0,16.0,43.0,20.0,3.8,20.0
Georgia,Long,South,75.7,10346.0,21.0,16.0,42.0,22.0,3.2,16.0
Georgia,Lowndes,South,73.5,11342.0,23.0,15.0,62.0,22.0,3.5,14.0
Georgia,Lumpkin,South,75.3,9956.0,18.0,13.0,58.0,18.0,2.7,16.0
Georgia,McDuffie,South,71.9,13503.0,30.0,14.0,40.0,22.0,4.9,13.0
Georgia,McIntosh,South,74.3,13809.0,32.0,16.0,38.0,22.0,3.0,17.0
Georgia,Macon,South,71.9,12938.0,42.0,17.0,31.0,33.0,4.2,19.0
Georgia,Madison,South,74.2,10545.0,17.0,18.0,47.0,22.0,2.9,18.0
Georgia,Marion,South,73.4,12488.0,40.0,14.0,49.0,25.0,3.6,18.0
Georgia,Meriwether,South,70.8,15063.0,28.0,17.0,37.0,23.0,3.9,17.0
Georgia,Miller,South,67.3,22799.0,31.0,18.0,56.0,25.0,2.7,14.0
Georgia,Mitchell,South,72.4,12435.0,34.0,19.0,50.0,27.0,3.7,14.0
Georgia,Monroe,South,74.5,10716.0,16.0,13.0,61.0,19.0,2.9,12.0
Georgia,Montgomery,South,71.4,13468.0,29.0,15.0,48.0,25.0,3.9,14.0
Georgia,Morgan,South,75.8,9731.0,16.0,12.0,57.0,15.0,2.8,13.0
Georgia,Murray,South,72.5,12065.0,20.0,16.0,54.0,22.0,4.1,18.0
Georgia,Muscogee,South,72.0,13164.0,26.0,16.0,65.0,23.0,4.2,12.0
Georgia,Newton,South,74.1,10380.0,18.0,12.0,63.0,20.0,3.8,13.0
Georgia,Oconee,South,79.8,5599.0,7.0,10.0,85.0,13.0,2.4,7.0
Georgia,Oglethorpe,South,76.0,9362.0,20.0,13.0,52.0,20.0,2.8,16.0
Georgia,Paulding,South,76.9,7728.0,11.0,10.0,65.0,18.0,2.9,11.0
Georgia,Peach,South,71.4,13589.0,25.0,15.0,57.0,21.0,3.8,15.0
Georgia,Pickens,South,75.1,10079.0,16.0,15.0,57.0,16.0,2.7,16.0
Georgia,Pierce,South,71.1,13350.0,22.0,15.0,56.0,20.0,3.1,16.0
Georgia,Pike,South,73.2,11051.0,12.0,11.0,60.0,17.0,2.7,13.0
Georgia,Polk,South,71.0,13661.0,23.0,17.0,42.0,22.0,3.3,15.0
Georgia,Pulaski,South,75.2,10269.0,32.0,15.0,45.0,23.0,3.5,16.0
Georgia,Putnam,South,74.0,12213.0,25.0,15.0,62.0,20.0,3.8,16.0
Georgia,Quitman,South,72.9,,41.0,15.0,39.0,24.0,5.2,17.0
Georgia,Rabun,South,74.3,11891.0,22.0,16.0,55.0,17.0,3.0,20.0
Georgia,Randolph,South,71.3,17238.0,41.0,18.0,64.0,34.0,4.2,16.0
Georgia,Richmond,South,71.4,14036.0,32.0,16.0,61.0,24.0,4.6,12.0
Georgia,Rockdale,South,75.7,9532.0,19.0,10.0,63.0,21.0,3.7,15.0
Georgia,Schley,South,75.4,11471.0,22.0,16.0,58.0,21.0,3.3,12.0
Georgia,Screven,South,70.9,15035.0,32.0,15.0,44.0,24.0,5.2,15.0
Georgia,Seminole,South,72.7,13377.0,34.0,17.0,47.0,23.0,3.8,15.0
Georgia,Spalding,South,71.2,14238.0,28.0,15.0,44.0,23.0,3.6,15.0
Georgia,Stephens,South,71.5,12943.0,22.0,15.0,45.0,21.0,3.6,14.0
Georgia,Stewart,South,71.0,13631.0,37.0,17.0,32.0,30.0,3.3,17.0
Georgia,Sumter,South,72.0,13125.0,45.0,16.0,55.0,25.0,4.5,14.0
Georgia,Talbot,South,73.4,13334.0,45.0,15.0,48.0,26.0,3.3,14.0
Georgia,Tattnall,South,72.5,11557.0,31.0,16.0,39.0,25.0,3.2,16.0
Georgia,Taylor,South,73.4,11728.0,39.0,20.0,44.0,29.0,4.2,16.0
Georgia,Telfair,South,72.7,13517.0,42.0,22.0,33.0,30.0,6.6,16.0
Georgia,Terrell,South,70.3,15870.0,41.0,18.0,47.0,28.0,4.5,16.0
Georgia,Thomas,South,72.8,12173.0,25.0,16.0,65.0,21.0,3.5,13.0
Georgia,Tift,South,72.0,13127.0,27.0,15.0,55.0,23.0,2.9,17.0
Georgia,Toombs,South,70.7,13738.0,33.0,18.0,48.0,22.0,3.8,16.0
Georgia,Towns,South,75.8,10501.0,19.0,17.0,57.0,15.0,4.2,14.0
Georgia,Treutlen,South,70.3,14605.0,33.0,21.0,39.0,28.0,4.3,19.0
Georgia,Troup,South,72.3,12478.0,28.0,15.0,52.0,20.0,2.8,14.0
Georgia,Turner,South,72.0,12707.0,37.0,18.0,45.0,27.0,4.0,15.0
Georgia,Twiggs,South,70.3,15046.0,31.0,14.0,51.0,22.0,4.9,15.0
Georgia,Union,South,77.6,8285.0,19.0,15.0,57.0,18.0,2.8,17.0
Georgia,Upson,South,70.4,13550.0,26.0,17.0,48.0,23.0,3.5,14.0
Georgia,Walker,South,73.3,11809.0,20.0,16.0,54.0,22.0,3.0,14.0
Georgia,Walton,South,74.7,9791.0,14.0,13.0,61.0,20.0,3.0,13.0
Georgia,Ware,South,69.7,15080.0,30.0,17.0,47.0,25.0,3.3,15.0
Georgia,Warren,South,71.1,14606.0,39.0,15.0,52.0,24.0,4.1,15.0
Georgia,Washington,South,71.7,13308.0,30.0,14.0,48.0,24.0,4.2,14.0
Georgia,Wayne,South,70.7,13794.0,27.0,17.0,44.0,24.0,3.3,18.0
Georgia,Webster,South,76.0,,35.0,17.0,56.0,26.0,3.6,20.0
Georgia,Wheeler,South,76.5,8896.0,37.0,17.0,35.0,30.0,5.6,18.0
Georgia,White,South,74.4,11237.0,15.0,15.0,60.0,16.0,2.3,17.0
Georgia,Whitfield,South,75.1,9693.0,22.0,15.0,46.0,24.0,3.9,21.0
Georgia,Wilcox,South,70.6,14319.0,34.0,16.0,37.0,24.0,3.5,14.0
Georgia,Wilkes,South,72.0,13808.0,32.0,15.0,45.0,23.0,3.7,18.0
Georgia,Wilkinson,South,69.9,15270.0,33.0,15.0,54.0,24.0,3.8,15.0
Georgia,Worth,South,72.9,12753.0,31.0,16.0,44.0,22.0,3.2,14.0
Hawaii,Hawaii,West,79.5,7851.0,21.0,14.0,60.0,16.0,3.0,5.0
Hawaii,Honolulu,West,81.7,6042.0,10.0,12.0,72.0,16.0,2.7,4.0
Hawaii,Kauai,West,82.4,5801.0,12.0,12.0,62.0,15.0,2.6,5.0
Hawaii,Maui,West,81.7,6323.0,12.0,12.0,62.0,15.0,4.4,5.0
Idaho,Ada,West,79.7,5738.0,8.0,10.0,76.0,13.0,2.7,7.0
Idaho,Adams,West,79.2,,20.0,15.0,58.0,17.0,6.0,11.0
Idaho,Bannock,West,75.2,9368.0,12.0,12.0,70.0,17.0,3.1,8.0
Idaho,Bear Lake,West,77.9,7192.0,12.0,11.0,58.0,15.0,2.8,9.0
Idaho,Benewah,West,73.9,11075.0,17.0,15.0,51.0,19.0,5.0,14.0
Idaho,Bingham,West,75.1,9872.0,13.0,12.0,57.0,18.0,3.1,11.0
Idaho,Blaine,West,85.3,4707.0,8.0,9.0,56.0,13.0,2.7,15.0
Idaho,Boise,West,79.1,11447.0,16.0,11.0,69.0,15.0,4.2,10.0
Idaho,Bonner,West,78.8,7636.0,14.0,13.0,62.0,16.0,4.3,11.0
Idaho,Bonneville,West,76.9,7923.0,12.0,11.0,67.0,16.0,2.6,9.0
Idaho,Boundary,West,78.1,7307.0,17.0,15.0,52.0,17.0,4.7,14.0
Idaho,Butte,West,74.3,12579.0,21.0,16.0,66.0,20.0,3.9,10.0
Idaho,Canyon,West,77.4,7366.0,12.0,11.0,60.0,19.0,3.4,12.0
Idaho,Caribou,West,76.7,7912.0,12.0,9.0,50.0,15.0,3.1,9.0
Idaho,Cassia,West,76.9,7762.0,13.0,11.0,60.0,18.0,2.6,13.0
Idaho,Clearwater,West,75.9,10737.0,19.0,14.0,53.0,17.0,5.7,9.0
Idaho,Custer,West,78.7,,19.0,14.0,75.0,15.0,3.8,13.0
Idaho,Elmore,West,77.4,7344.0,15.0,13.0,62.0,19.0,3.3,12.0
Idaho,Franklin,West,78.9,6104.0,9.0,11.0,49.0,18.0,2.7,10.0
Idaho,Fremont,West,77.7,6704.0,15.0,12.0,54.0,16.0,2.6,13.0
Idaho,Gem,West,75.9,8929.0,13.0,13.0,49.0,16.0,3.8,11.0
Idaho,Gooding,West,76.4,8157.0,17.0,13.0,47.0,22.0,3.0,18.0
Idaho,Idaho,West,78.4,8111.0,17.0,13.0,54.0,19.0,4.0,11.0
Idaho,Jefferson,West,77.4,7433.0,9.0,9.0,70.0,17.0,2.6,9.0
Idaho,Jerome,West,76.4,8175.0,14.0,12.0,44.0,22.0,3.1,16.0
Idaho,Kootenai,West,78.4,6562.0,11.0,11.0,68.0,14.0,3.6,9.0
Idaho,Latah,West,80.8,5065.0,9.0,12.0,79.0,14.0,2.7,7.0
Idaho,Lemhi,West,75.3,11400.0,17.0,13.0,62.0,17.0,3.8,13.0
Idaho,Lewis,West,73.4,13688.0,16.0,16.0,54.0,19.0,3.4,11.0
Idaho,Lincoln,West,77.5,7321.0,16.0,12.0,47.0,21.0,3.9,14.0
Idaho,Madison,West,79.1,5017.0,12.0,13.0,83.0,20.0,2.2,8.0
Idaho,Minidoka,West,77.0,8413.0,13.0,13.0,48.0,22.0,2.7,14.0
Idaho,Nez Perce,West,75.1,10019.0,13.0,13.0,62.0,16.0,2.8,9.0
Idaho,Oneida,West,78.6,,13.0,12.0,67.0,15.0,3.0,8.0
Idaho,Owyhee,West,75.2,10616.0,16.0,13.0,42.0,20.0,3.9,17.0
Idaho,Payette,West,77.2,7116.0,14.0,12.0,53.0,21.0,3.8,12.0
Idaho,Power,West,77.9,6932.0,15.0,12.0,51.0,20.0,3.8,14.0
Idaho,Shoshone,West,73.6,11528.0,20.0,17.0,47.0,23.0,5.2,11.0
Idaho,Teton,West,83.1,6837.0,10.0,9.0,73.0,14.0,2.3,14.0
Idaho,Twin Falls,West,76.0,8579.0,13.0,12.0,63.0,17.0,3.2,11.0
Idaho,Valley,West,83.0,5635.0,10.0,13.0,75.0,18.0,3.7,11.0
Idaho,Washington,West,75.9,8982.0,17.0,16.0,56.0,19.0,4.0,9.0
Illinois,Adams,Midwest,76.5,8699.0,14.0,13.0,64.0,17.0,3.6,6.0
Illinois,Alexander,Midwest,69.7,16048.0,39.0,17.0,42.0,25.0,6.3,6.0
Illinois,Bond,Midwest,77.0,7670.0,15.0,14.0,61.0,22.0,4.2,6.0
Illinois,Boone,Midwest,78.3,6935.0,16.0,12.0,60.0,19.0,7.0,7.0
Illinois,Brown,Midwest,77.9,5303.0,12.0,12.0,46.0,21.0,2.4,4.0
Illinois,Bureau,Midwest,76.8,8701.0,15.0,13.0,62.0,20.0,5.7,7.0
Illinois,Calhoun,Midwest,74.7,9814.0,14.0,12.0,70.0,15.0,4.2,5.0
Illinois,Carroll,Midwest,76.7,8316.0,17.0,12.0,53.0,17.0,4.4,8.0
Illinois,Cass,Midwest,76.8,7823.0,17.0,13.0,48.0,20.0,4.4,8.0
Illinois,Champaign,Midwest,78.8,7180.0,14.0,13.0,78.0,17.0,4.1,6.0
Illinois,Christian,Midwest,75.8,8451.0,16.0,13.0,51.0,18.0,5.1,6.0
Illinois,Clark,Midwest,74.9,9615.0,16.0,11.0,67.0,15.0,4.6,6.0
Illinois,Clay,Midwest,75.8,8233.0,19.0,15.0,57.0,20.0,5.3,6.0
Illinois,Clinton,Midwest,79.2,5626.0,9.0,10.0,68.0,16.0,3.3,6.0
Illinois,Coles,Midwest,75.3,9241.0,19.0,16.0,67.0,19.0,4.4,7.0
Illinois,Cook,Midwest,77.4,8536.0,17.0,12.0,74.0,18.0,4.4,10.0
Illinois,Crawford,Midwest,76.7,7129.0,17.0,12.0,62.0,18.0,4.0,6.0
Illinois,Cumberland,Midwest,77.1,7352.0,13.0,12.0,66.0,16.0,3.5,5.0
Illinois,DeKalb,Midwest,77.3,7708.0,13.0,13.0,72.0,17.0,4.7,6.0
Illinois,De Witt,Midwest,75.1,9246.0,16.0,12.0,60.0,16.0,4.4,6.0
Illinois,Douglas,Midwest,77.6,6968.0,12.0,11.0,57.0,19.0,3.6,12.0
Illinois,DuPage,Midwest,81.3,4711.0,7.0,9.0,80.0,13.0,3.4,6.0
Illinois,Edgar,Midwest,74.0,11162.0,18.0,13.0,51.0,19.0,3.7,6.0
Illinois,Edwards,Midwest,76.1,9576.0,16.0,14.0,63.0,17.0,4.7,6.0
Illinois,Effingham,Midwest,77.4,6573.0,12.0,12.0,71.0,14.0,3.2,5.0
Illinois,Fayette,Midwest,77.0,7668.0,21.0,14.0,46.0,18.0,4.9,8.0
Illinois,Ford,Midwest,74.3,9101.0,15.0,13.0,62.0,17.0,4.4,7.0
Illinois,Franklin,Midwest,72.5,12271.0,23.0,17.0,62.0,21.0,5.5,8.0
Illinois,Fulton,Midwest,74.9,8637.0,17.0,13.0,56.0,20.0,5.3,6.0
Illinois,Gallatin,Midwest,72.6,12280.0,24.0,17.0,61.0,21.0,5.4,6.0
Illinois,Greene,Midwest,73.6,10190.0,18.0,14.0,56.0,19.0,4.4,7.0
Illinois,Grundy,Midwest,76.5,7576.0,9.0,10.0,69.0,15.0,4.6,5.0
Illinois,Hamilton,Midwest,76.1,8281.0,17.0,14.0,62.0,19.0,3.8,7.0
Illinois,Hancock,Midwest,77.3,7758.0,18.0,14.0,72.0,16.0,4.1,6.0
Illinois,Hardin,Midwest,71.6,12840.0,29.0,16.0,53.0,20.0,5.5,6.0
Illinois,Henderson,Midwest,77.3,8415.0,15.0,12.0,56.0,17.0,4.2,6.0
Illinois,Henry,Midwest,77.4,7545.0,13.0,11.0,65.0,16.0,4.9,6.0
Illinois,Iroquois,Midwest,74.7,9715.0,16.0,13.0,56.0,18.0,4.6,8.0
Illinois,Jackson,Midwest,74.9,10751.0,23.0,16.0,69.0,21.0,4.4,7.0
Illinois,Jasper,Midwest,77.8,6631.0,13.0,12.0,73.0,15.0,4.0,6.0
Illinois,Jefferson,Midwest,74.1,10089.0,21.0,14.0,61.0,19.0,4.7,6.0
Illinois,Jersey,Midwest,74.7,9795.0,14.0,11.0,66.0,17.0,3.9,5.0
Illinois,Jo Daviess,Midwest,79.9,6364.0,11.0,11.0,71.0,15.0,4.1,7.0
Illinois,Johnson,Midwest,75.8,9591.0,17.0,14.0,43.0,19.0,5.8,7.0
Illinois,Kane,Midwest,79.8,6046.0,12.0,10.0,67.0,16.0,5.1,9.0
Illinois,Kankakee,Midwest,74.6,10618.0,16.0,13.0,57.0,19.0,5.8,7.0
Illinois,Kendall,Midwest,80.5,4543.0,7.0,8.0,77.0,14.0,3.8,5.0
Illinois,Knox,Midwest,74.7,9889.0,21.0,15.0,58.0,21.0,5.5,7.0
Illinois,Lake,Midwest,80.4,5610.0,11.0,10.0,73.0,17.0,5.0,7.0
Illinois,LaSalle,Midwest,75.8,8943.0,16.0,13.0,60.0,18.0,5.8,6.0
Illinois,Lawrence,Midwest,74.9,9521.0,21.0,15.0,52.0,22.0,5.3,7.0
Illinois,Lee,Midwest,77.4,7354.0,14.0,13.0,60.0,19.0,4.4,6.0
Illinois,Livingston,Midwest,75.4,9425.0,14.0,12.0,54.0,18.0,4.1,6.0
Illinois,Logan,Midwest,76.7,7078.0,17.0,13.0,59.0,18.0,4.7,5.0
Illinois,McDonough,Midwest,76.7,7860.0,21.0,15.0,71.0,20.0,4.6,6.0
Illinois,McHenry,Midwest,79.5,5730.0,8.0,9.0,72.0,15.0,3.7,6.0
Illinois,McLean,Midwest,78.5,6618.0,9.0,11.0,79.0,16.0,3.9,5.0
Illinois,Macon,Midwest,74.6,10949.0,23.0,14.0,60.0,19.0,6.0,5.0
Illinois,Macoupin,Midwest,75.1,9298.0,17.0,14.0,59.0,18.0,4.1,6.0
Illinois,Madison,Midwest,75.4,9159.0,13.0,12.0,74.0,15.0,4.1,5.0
Illinois,Marion,Midwest,72.4,12320.0,21.0,15.0,57.0,20.0,4.9,7.0
Illinois,Marshall,Midwest,76.3,8393.0,16.0,13.0,58.0,19.0,5.2,6.0
Illinois,Mason,Midwest,73.8,10740.0,22.0,14.0,59.0,17.0,5.2,7.0
Illinois,Massac,Midwest,73.5,11124.0,31.0,14.0,53.0,19.0,5.0,7.0
Illinois,Menard,Midwest,78.3,6371.0,13.0,11.0,70.0,16.0,3.9,5.0
Illinois,Mercer,Midwest,77.3,7042.0,14.0,11.0,63.0,17.0,4.7,6.0
Illinois,Monroe,Midwest,79.6,5617.0,5.0,8.0,82.0,12.0,3.1,4.0
Illinois,Montgomery,Midwest,74.1,11025.0,18.0,14.0,55.0,19.0,5.1,7.0
Illinois,Morgan,Midwest,76.1,8190.0,17.0,14.0,52.0,18.0,4.2,6.0
Illinois,Moultrie,Midwest,75.0,8830.0,13.0,11.0,54.0,17.0,3.6,9.0
Illinois,Ogle,Midwest,77.8,7241.0,12.0,12.0,67.0,20.0,5.4,6.0
Illinois,Peoria,Midwest,75.3,10362.0,22.0,13.0,72.0,18.0,5.5,6.0
Illinois,Perry,Midwest,75.4,9279.0,24.0,16.0,52.0,23.0,5.3,6.0
Illinois,Piatt,Midwest,78.4,6493.0,8.0,10.0,72.0,14.0,3.8,5.0
Illinois,Pike,Midwest,74.6,9047.0,21.0,14.0,56.0,18.0,4.5,8.0
Illinois,Pope,Midwest,75.7,,26.0,16.0,62.0,18.0,3.9,5.0
Illinois,Pulaski,Midwest,71.6,12463.0,35.0,18.0,36.0,24.0,7.7,6.0
Illinois,Putnam,Midwest,79.8,7768.0,13.0,12.0,66.0,15.0,5.6,7.0
Illinois,Randolph,Midwest,75.8,8769.0,15.0,13.0,52.0,19.0,4.0,7.0
Illinois,Richland,Midwest,73.7,10994.0,17.0,14.0,61.0,17.0,4.2,7.0
Illinois,Rock Island,Midwest,76.4,8429.0,21.0,13.0,62.0,17.0,5.1,7.0
Illinois,St. Clair,Midwest,74.1,11442.0,17.0,12.0,69.0,18.0,4.6,5.0
Illinois,Saline,Midwest,72.5,11841.0,24.0,17.0,70.0,20.0,5.0,6.0
Illinois,Sangamon,Midwest,76.8,8880.0,17.0,12.0,72.0,17.0,4.3,5.0
Illinois,Schuyler,Midwest,74.8,11015.0,14.0,16.0,55.0,19.0,4.3,8.0
Illinois,Scott,Midwest,75.6,9555.0,17.0,13.0,60.0,15.0,5.1,5.0
Illinois,Shelby,Midwest,77.1,7898.0,13.0,12.0,64.0,19.0,4.4,6.0
Illinois,Stark,Midwest,74.9,9474.0,16.0,13.0,66.0,18.0,5.6,7.0
Illinois,Stephenson,Midwest,76.2,9373.0,18.0,13.0,65.0,19.0,5.0,5.0
Illinois,Tazewell,Midwest,76.6,7936.0,10.0,11.0,70.0,16.0,4.5,5.0
Illinois,Union,Midwest,74.7,10018.0,20.0,17.0,48.0,18.0,5.4,7.0
Illinois,Vermilion,Midwest,72.5,12430.0,29.0,14.0,48.0,21.0,5.8,5.0
Illinois,Wabash,Midwest,76.4,8398.0,18.0,14.0,72.0,19.0,3.4,6.0
Illinois,Warren,Midwest,76.0,8041.0,16.0,13.0,61.0,20.0,4.2,7.0
Illinois,Washington,Midwest,77.1,8641.0,11.0,10.0,74.0,16.0,2.8,5.0
Illinois,Wayne,Midwest,74.7,9935.0,18.0,14.0,64.0,18.0,4.6,9.0
Illinois,White,Midwest,73.5,10324.0,19.0,15.0,60.0,22.0,4.1,6.0
Illinois,Whiteside,Midwest,75.5,9513.0,16.0,13.0,61.0,17.0,4.7,6.0
Illinois,Will,Midwest,78.5,6358.0,9.0,9.0,70.0,15.0,4.2,6.0
Illinois,Williamson,Midwest,75.5,9023.0,22.0,14.0,73.0,18.0,4.4,5.0
Illinois,Winnebago,Midwest,74.5,11176.0,20.0,15.0,61.0,22.0,6.2,7.0
Illinois,Woodford,Midwest,78.7,5803.0,8.0,10.0,78.0,17.0,4.0,5.0
Indiana,Adams,Midwest,77.0,8648.0,17.0,13.0,47.0,24.0,2.7,14.0
Indiana,Allen,Midwest,75.6,9524.0,17.0,13.0,66.0,19.0,3.1,8.0
Indiana,Bartholomew,Midwest,76.0,9281.0,12.0,14.0,65.0,17.0,2.8,8.0
Indiana,Benton,Midwest,74.5,10602.0,14.0,15.0,58.0,22.0,2.6,10.0
Indiana,Blackford,Midwest,71.8,13647.0,19.0,17.0,51.0,21.0,4.0,8.0
Indiana,Boone,Midwest,78.2,6189.0,5.0,10.0,80.0,15.0,2.5,5.0
Indiana,Brown,Midwest,76.7,9646.0,13.0,13.0,58.0,17.0,3.3,8.0
Indiana,Carroll,Midwest,78.3,7473.0,12.0,13.0,54.0,18.0,2.9,10.0
Indiana,Cass,Midwest,74.9,9871.0,17.0,15.0,44.0,21.0,3.7,9.0
Indiana,Clark,Midwest,73.2,11783.0,11.0,13.0,63.0,19.0,3.1,7.0
Indiana,Clay,Midwest,74.9,9097.0,16.0,14.0,56.0,19.0,3.4,7.0
Indiana,Clinton,Midwest,74.4,9709.0,14.0,13.0,46.0,19.0,2.6,10.0
Indiana,Crawford,Midwest,72.9,11675.0,24.0,18.0,43.0,23.0,3.6,10.0
Indiana,Daviess,Midwest,76.1,7724.0,13.0,13.0,47.0,22.0,2.4,17.0
Indiana,Dearborn,Midwest,76.2,8671.0,9.0,12.0,66.0,15.0,3.3,7.0
Indiana,Decatur,Midwest,74.0,10091.0,12.0,13.0,60.0,17.0,2.7,7.0
Indiana,DeKalb,Midwest,75.8,8445.0,12.0,13.0,53.0,16.0,3.0,8.0
Indiana,Delaware,Midwest,72.6,12615.0,21.0,17.0,64.0,22.0,3.8,9.0
Indiana,Dubois,Midwest,77.8,6416.0,8.0,12.0,62.0,18.0,2.5,8.0
Indiana,Elkhart,Midwest,76.2,8847.0,15.0,13.0,44.0,21.0,4.0,13.0
Indiana,Fayette,Midwest,70.2,15442.0,20.0,18.0,56.0,25.0,4.4,7.0
Indiana,Floyd,Midwest,74.6,9964.0,13.0,12.0,68.0,18.0,2.8,7.0
Indiana,Fountain,Midwest,73.8,10687.0,14.0,15.0,60.0,18.0,3.1,8.0
Indiana,Franklin,Midwest,76.6,8835.0,10.0,12.0,58.0,16.0,3.1,7.0
Indiana,Fulton,Midwest,73.7,11508.0,16.0,15.0,46.0,20.0,3.5,9.0
Indiana,Gibson,Midwest,76.3,7824.0,11.0,13.0,59.0,21.0,2.4,7.0
Indiana,Grant,Midwest,70.8,14895.0,24.0,17.0,57.0,21.0,3.5,7.0
Indiana,Greene,Midwest,74.1,10312.0,15.0,17.0,59.0,21.0,3.9,8.0
Indiana,Hamilton,Midwest,80.7,4761.0,5.0,9.0,87.0,11.0,2.5,5.0
Indiana,Hancock,Midwest,77.2,7434.0,6.0,11.0,76.0,16.0,2.8,6.0
Indiana,Harrison,Midwest,73.7,12001.0,11.0,12.0,60.0,17.0,2.8,7.0
Indiana,Hendricks,Midwest,78.6,6172.0,6.0,10.0,72.0,15.0,2.7,6.0
Indiana,Henry,Midwest,74.0,10369.0,17.0,16.0,53.0,21.0,3.4,7.0
Indiana,Howard,Midwest,73.0,12109.0,18.0,15.0,61.0,19.0,5.0,7.0
Indiana,Huntington,Midwest,74.8,9432.0,12.0,14.0,62.0,17.0,3.0,7.0
Indiana,Jackson,Midwest,75.1,9172.0,13.0,14.0,56.0,22.0,2.8,9.0
Indiana,Jasper,Midwest,75.3,9161.0,10.0,13.0,59.0,17.0,3.6,8.0
Indiana,Jay,Midwest,73.1,12021.0,21.0,15.0,45.0,22.0,3.1,9.0
Indiana,Jefferson,Midwest,73.7,10875.0,16.0,16.0,50.0,20.0,3.1,7.0
Indiana,Jennings,Midwest,72.7,12252.0,16.0,16.0,51.0,19.0,3.4,7.0
Indiana,Johnson,Midwest,76.2,8086.0,8.0,12.0,68.0,17.0,2.7,7.0
Indiana,Knox,Midwest,73.7,10556.0,17.0,15.0,55.0,18.0,3.0,8.0
Indiana,Kosciusko,Midwest,76.1,9156.0,11.0,13.0,57.0,17.0,3.4,10.0
Indiana,LaGrange,Midwest,78.6,6290.0,11.0,11.0,28.0,23.0,3.1,33.0
Indiana,Lake,Midwest,74.4,10981.0,20.0,14.0,61.0,20.0,5.0,8.0
Indiana,LaPorte,Midwest,74.3,11091.0,22.0,15.0,51.0,20.0,4.0,8.0
Indiana,Lawrence,Midwest,73.8,10600.0,16.0,14.0,57.0,20.0,3.8,8.0
Indiana,Madison,Midwest,73.2,11656.0,17.0,16.0,53.0,21.0,3.6,8.0
Indiana,Marion,Midwest,73.0,12610.0,21.0,14.0,64.0,22.0,3.3,10.0
Indiana,Marshall,Midwest,75.9,9237.0,13.0,13.0,50.0,19.0,3.4,13.0
Indiana,Martin,Midwest,75.8,10011.0,16.0,15.0,59.0,22.0,2.8,9.0
Indiana,Miami,Midwest,74.1,10509.0,19.0,16.0,50.0,21.0,3.9,9.0
Indiana,Monroe,Midwest,77.5,8008.0,14.0,15.0,80.0,16.0,3.3,6.0
Indiana,Montgomery,Midwest,75.6,9100.0,15.0,15.0,55.0,20.0,2.8,8.0
Indiana,Morgan,Midwest,75.3,8539.0,12.0,13.0,57.0,19.0,3.0,8.0
Indiana,Newton,Midwest,73.6,10914.0,13.0,15.0,47.0,20.0,3.9,10.0
Indiana,Noble,Midwest,75.8,8647.0,11.0,12.0,45.0,18.0,3.7,10.0
Indiana,Ohio,Midwest,78.0,6928.0,12.0,13.0,74.0,17.0,3.0,8.0
Indiana,Orange,Midwest,74.2,9621.0,18.0,16.0,56.0,19.0,3.4,9.0
Indiana,Owen,Midwest,72.8,12176.0,18.0,15.0,53.0,21.0,3.7,9.0
Indiana,Parke,Midwest,77.9,7682.0,19.0,15.0,40.0,20.0,3.3,12.0
Indiana,Perry,Midwest,77.3,6979.0,16.0,14.0,57.0,18.0,3.0,6.0
Indiana,Pike,Midwest,74.2,10057.0,14.0,14.0,51.0,19.0,3.3,8.0
Indiana,Porter,Midwest,77.0,7441.0,11.0,12.0,68.0,17.0,3.7,7.0
Indiana,Posey,Midwest,78.3,7521.0,12.0,12.0,72.0,15.0,2.7,6.0
Indiana,Pulaski,Midwest,72.2,13375.0,15.0,15.0,52.0,20.0,2.9,9.0
Indiana,Putnam,Midwest,75.8,8446.0,13.0,13.0,56.0,18.0,3.2,7.0
Indiana,Randolph,Midwest,73.8,11075.0,19.0,16.0,56.0,21.0,3.2,9.0
Indiana,Ripley,Midwest,74.7,9690.0,13.0,13.0,55.0,18.0,3.5,7.0
Indiana,Rush,Midwest,75.0,9854.0,14.0,15.0,53.0,18.0,2.7,9.0
Indiana,St. Joseph,Midwest,75.1,9846.0,18.0,14.0,66.0,19.0,3.9,8.0
Indiana,Scott,Midwest,69.1,15831.0,20.0,18.0,47.0,24.0,3.5,9.0
Indiana,Shelby,Midwest,75.6,9559.0,13.0,14.0,60.0,20.0,2.8,8.0
Indiana,Spencer,Midwest,76.3,9001.0,10.0,12.0,67.0,16.0,2.9,7.0
Indiana,Starke,Midwest,72.1,12710.0,18.0,16.0,50.0,19.0,4.1,9.0
Indiana,Steuben,Midwest,77.4,8642.0,13.0,12.0,58.0,15.0,2.7,8.0
Indiana,Sullivan,Midwest,75.2,9727.0,19.0,15.0,51.0,20.0,3.8,7.0
Indiana,Switzerland,Midwest,74.0,12880.0,21.0,17.0,40.0,19.0,3.2,9.0
Indiana,Tippecanoe,Midwest,77.6,7581.0,13.0,15.0,71.0,19.0,2.9,9.0
Indiana,Tipton,Midwest,75.9,8922.0,12.0,14.0,61.0,16.0,3.0,7.0
Indiana,Union,Midwest,75.1,9986.0,16.0,12.0,62.0,19.0,2.9,8.0
Indiana,Vanderburgh,Midwest,74.1,10888.0,17.0,15.0,66.0,18.0,3.2,8.0
Indiana,Vermillion,Midwest,74.3,10157.0,16.0,16.0,51.0,21.0,4.1,7.0
Indiana,Vigo,Midwest,73.7,10892.0,21.0,17.0,60.0,20.0,3.8,9.0
Indiana,Wabash,Midwest,73.9,10985.0,14.0,14.0,55.0,18.0,3.1,8.0
Indiana,Warren,Midwest,77.6,7305.0,12.0,15.0,66.0,18.0,2.9,6.0
Indiana,Warrick,Midwest,76.9,7350.0,9.0,11.0,75.0,14.0,2.9,5.0
Indiana,Washington,Midwest,72.5,13005.0,18.0,15.0,54.0,19.0,3.1,8.0
Indiana,Wayne,Midwest,72.3,12656.0,23.0,16.0,58.0,21.0,3.4,8.0
Indiana,Wells,Midwest,76.7,7314.0,11.0,12.0,54.0,18.0,2.7,7.0
Indiana,White,Midwest,75.3,9851.0,15.0,13.0,58.0,19.0,2.7,10.0
Indiana,Whitley,Midwest,77.8,7298.0,10.0,12.0,61.0,16.0,2.7,7.0
Iowa,Adair,Midwest,77.0,7151.0,13.0,11.0,62.0,15.0,2.4,5.0
Iowa,Adams,Midwest,77.6,,15.0,10.0,73.0,15.0,2.2,5.0
Iowa,Allamakee,Midwest,78.4,6990.0,17.0,11.0,63.0,16.0,3.8,8.0
Iowa,Appanoose,Midwest,75.4,8751.0,21.0,15.0,55.0,18.0,3.3,6.0
Iowa,Audubon,Midwest,79.2,5136.0,14.0,11.0,73.0,17.0,2.2,6.0
Iowa,Benton,Midwest,79.2,6615.0,9.0,10.0,70.0,16.0,3.3,4.0
Iowa,Black Hawk,Midwest,76.7,7993.0,15.0,12.0,71.0,18.0,3.2,5.0
Iowa,Boone,Midwest,77.1,6966.0,10.0,9.0,71.0,14.0,2.5,5.0
Iowa,Bremer,Midwest,79.7,6009.0,7.0,8.0,76.0,14.0,2.5,4.0
Iowa,Buchanan,Midwest,79.0,5284.0,12.0,10.0,68.0,14.0,2.9,5.0
Iowa,Buena Vista,Midwest,79.4,6218.0,17.0,9.0,51.0,18.0,2.4,10.0
Iowa,Butler,Midwest,79.6,5243.0,9.0,11.0,70.0,14.0,3.1,5.0
Iowa,Calhoun,Midwest,77.7,7619.0,14.0,10.0,65.0,15.0,2.7,6.0
Iowa,Carroll,Midwest,77.9,6828.0,9.0,9.0,66.0,16.0,2.4,5.0
Iowa,Cass,Midwest,76.2,7565.0,18.0,13.0,65.0,19.0,2.7,7.0
Iowa,Cedar,Midwest,79.1,6019.0,9.0,9.0,62.0,14.0,3.0,5.0
Iowa,Cerro Gordo,Midwest,76.5,9468.0,13.0,11.0,61.0,16.0,3.1,5.0
Iowa,Cherokee,Midwest,77.9,7020.0,13.0,11.0,64.0,16.0,2.5,5.0
Iowa,Chickasaw,Midwest,77.9,6659.0,9.0,9.0,61.0,15.0,2.5,6.0
Iowa,Clarke,Midwest,75.4,8721.0,15.0,14.0,50.0,20.0,2.9,7.0
Iowa,Clay,Midwest,78.4,7924.0,15.0,11.0,70.0,15.0,2.9,5.0
Iowa,Clayton,Midwest,79.1,6442.0,13.0,13.0,58.0,16.0,4.0,7.0
Iowa,Clinton,Midwest,75.9,8790.0,18.0,12.0,66.0,17.0,3.7,5.0
Iowa,Crawford,Midwest,78.5,6563.0,14.0,14.0,58.0,20.0,4.8,10.0
Iowa,Dallas,Midwest,81.9,4244.0,5.0,8.0,86.0,11.0,2.2,4.0
Iowa,Davis,Midwest,77.3,8768.0,16.0,9.0,56.0,18.0,2.4,14.0
Iowa,Decatur,Midwest,76.0,9258.0,26.0,13.0,59.0,17.0,2.4,6.0
Iowa,Delaware,Midwest,79.3,6094.0,10.0,9.0,65.0,14.0,2.6,5.0
Iowa,Des Moines,Midwest,75.9,9424.0,21.0,13.0,65.0,16.0,4.2,5.0
Iowa,Dickinson,Midwest,81.2,4872.0,9.0,10.0,74.0,16.0,2.9,6.0
Iowa,Dubuque,Midwest,78.7,6844.0,10.0,10.0,75.0,17.0,2.9,5.0
Iowa,Emmet,Midwest,77.0,7705.0,15.0,12.0,59.0,16.0,3.1,8.0
Iowa,Fayette,Midwest,77.1,8298.0,17.0,12.0,57.0,18.0,3.2,6.0
Iowa,Floyd,Midwest,76.7,8140.0,17.0,11.0,59.0,16.0,3.4,5.0
Iowa,Franklin,Midwest,75.9,9806.0,16.0,11.0,62.0,18.0,2.8,8.0
Iowa,Fremont,Midwest,76.3,9007.0,15.0,10.0,66.0,13.0,2.3,5.0
Iowa,Greene,Midwest,76.8,9201.0,16.0,12.0,68.0,16.0,2.2,6.0
Iowa,Grundy,Midwest,79.3,5156.0,6.0,8.0,74.0,13.0,2.8,4.0
Iowa,Guthrie,Midwest,78.8,6483.0,13.0,10.0,74.0,15.0,3.0,6.0
Iowa,Hamilton,Midwest,77.2,7954.0,11.0,11.0,67.0,15.0,2.7,5.0
Iowa,Hancock,Midwest,78.6,6876.0,11.0,11.0,66.0,16.0,2.8,6.0
Iowa,Hardin,Midwest,77.3,7029.0,14.0,11.0,68.0,17.0,3.1,6.0
Iowa,Harrison,Midwest,76.3,6755.0,13.0,10.0,68.0,18.0,2.7,6.0
Iowa,Henry,Midwest,77.2,6888.0,16.0,11.0,61.0,17.0,3.3,5.0
Iowa,Howard,Midwest,77.7,6255.0,12.0,10.0,63.0,16.0,3.2,7.0
Iowa,Humboldt,Midwest,78.2,7220.0,12.0,12.0,67.0,16.0,2.7,6.0
Iowa,Ida,Midwest,77.5,6456.0,13.0,11.0,71.0,15.0,2.1,6.0
Iowa,Iowa,Midwest,78.1,6417.0,8.0,10.0,72.0,14.0,2.8,4.0
Iowa,Jackson,Midwest,77.9,6844.0,13.0,11.0,63.0,16.0,3.5,5.0
Iowa,Jasper,Midwest,77.9,7112.0,12.0,10.0,58.0,14.0,3.0,5.0
Iowa,Jefferson,Midwest,77.1,9327.0,19.0,12.0,81.0,17.0,2.7,8.0
Iowa,Johnson,Midwest,82.0,4821.0,11.0,10.0,86.0,13.0,2.4,5.0
Iowa,Jones,Midwest,79.8,5993.0,12.0,11.0,56.0,15.0,3.5,5.0
Iowa,Keokuk,Midwest,76.7,8349.0,15.0,13.0,60.0,16.0,3.3,5.0
Iowa,Kossuth,Midwest,78.7,7364.0,12.0,11.0,68.0,16.0,2.5,5.0
Iowa,Lee,Midwest,74.8,9251.0,19.0,13.0,67.0,18.0,4.1,5.0
Iowa,Linn,Midwest,78.5,7001.0,12.0,10.0,75.0,14.0,3.5,4.0
Iowa,Louisa,Midwest,78.7,6584.0,13.0,11.0,60.0,19.0,3.2,7.0
Iowa,Lucas,Midwest,76.0,9105.0,21.0,14.0,56.0,18.0,2.4,5.0
Iowa,Lyon,Midwest,82.5,4025.0,9.0,8.0,67.0,14.0,2.0,6.0
Iowa,Madison,Midwest,78.8,6015.0,7.0,8.0,71.0,12.0,3.5,5.0
Iowa,Mahaska,Midwest,76.6,7887.0,14.0,12.0,59.0,15.0,2.6,5.0
Iowa,Marion,Midwest,78.2,6618.0,8.0,10.0,72.0,12.0,2.2,4.0
Iowa,Marshall,Midwest,74.9,9261.0,16.0,12.0,53.0,19.0,6.3,7.0
Iowa,Mills,Midwest,76.4,9695.0,10.0,9.0,82.0,16.0,2.7,4.0
Iowa,Mitchell,Midwest,79.3,5183.0,13.0,9.0,76.0,16.0,2.3,7.0
Iowa,Monona,Midwest,75.0,8367.0,17.0,12.0,62.0,17.0,2.8,6.0
Iowa,Monroe,Midwest,75.3,7727.0,14.0,11.0,74.0,15.0,2.8,5.0
Iowa,Montgomery,Midwest,75.5,8117.0,18.0,13.0,66.0,18.0,2.6,6.0
Iowa,Muscatine,Midwest,76.7,7717.0,14.0,11.0,61.0,16.0,3.2,5.0
Iowa,O'Brien,Midwest,76.4,8489.0,11.0,12.0,62.0,17.0,2.4,6.0
Iowa,Osceola,Midwest,77.8,8292.0,16.0,11.0,58.0,17.0,1.9,7.0
Iowa,Page,Midwest,77.6,7340.0,17.0,13.0,51.0,18.0,2.6,6.0
Iowa,Palo Alto,Midwest,76.7,7822.0,13.0,11.0,67.0,15.0,2.5,5.0
Iowa,Plymouth,Midwest,79.0,6447.0,11.0,9.0,66.0,15.0,2.1,5.0
Iowa,Pocahontas,Midwest,76.4,9324.0,16.0,10.0,66.0,14.0,2.3,8.0
Iowa,Polk,Midwest,77.2,7653.0,15.0,10.0,71.0,17.0,2.9,5.0
Iowa,Pottawattamie,Midwest,75.5,9293.0,15.0,12.0,63.0,17.0,2.9,6.0
Iowa,Poweshiek,Midwest,78.2,6568.0,11.0,11.0,60.0,16.0,2.9,5.0
Iowa,Ringgold,Midwest,74.6,8711.0,20.0,10.0,71.0,16.0,2.2,6.0
Iowa,Sac,Midwest,77.1,6910.0,14.0,10.0,68.0,14.0,2.4,6.0
Iowa,Scott,Midwest,77.5,7236.0,13.0,11.0,75.0,15.0,3.5,6.0
Iowa,Shelby,Midwest,78.3,6814.0,10.0,10.0,71.0,16.0,2.4,6.0
Iowa,Sioux,Midwest,82.6,3914.0,6.0,8.0,73.0,15.0,1.9,6.0
Iowa,Story,Midwest,81.5,4947.0,9.0,10.0,86.0,13.0,2.1,5.0
Iowa,Tama,Midwest,76.7,7872.0,16.0,12.0,57.0,18.0,3.9,6.0
Iowa,Taylor,Midwest,76.0,8565.0,15.0,10.0,59.0,17.0,2.2,7.0
Iowa,Union,Midwest,75.6,8896.0,18.0,12.0,64.0,17.0,3.0,6.0
Iowa,Van Buren,Midwest,77.5,7795.0,22.0,12.0,53.0,18.0,3.1,8.0
Iowa,Wapello,Midwest,74.5,9638.0,17.0,14.0,52.0,20.0,3.5,7.0
Iowa,Warren,Midwest,78.4,6398.0,6.0,8.0,75.0,15.0,2.6,4.0
Iowa,Washington,Midwest,78.5,6076.0,13.0,10.0,65.0,15.0,2.6,7.0
Iowa,Wayne,Midwest,76.4,8502.0,22.0,12.0,57.0,20.0,2.9,6.0
Iowa,Webster,Midwest,74.5,10249.0,17.0,12.0,63.0,14.0,3.1,6.0
Iowa,Winnebago,Midwest,78.8,5991.0,15.0,10.0,74.0,13.0,3.8,6.0
Iowa,Winneshiek,Midwest,81.8,4480.0,8.0,10.0,74.0,12.0,3.2,4.0
Iowa,Woodbury,Midwest,75.5,9159.0,16.0,12.0,61.0,19.0,2.9,7.0
Iowa,Worth,Midwest,78.8,6737.0,13.0,10.0,68.0,14.0,3.0,5.0
Iowa,Wright,Midwest,77.8,6879.0,16.0,12.0,65.0,18.0,2.6,5.0
Kansas,Allen,Midwest,74.5,10475.0,22.0,15.0,61.0,18.0,2.8,11.0
Kansas,Anderson,Midwest,76.6,8287.0,16.0,14.0,51.0,18.0,2.1,13.0
Kansas,Atchison,Midwest,75.9,9705.0,16.0,14.0,58.0,17.0,3.4,8.0
Kansas,Barber,Midwest,74.2,10121.0,16.0,16.0,66.0,17.0,2.4,12.0
Kansas,Barton,Midwest,74.7,10780.0,19.0,15.0,65.0,17.0,2.7,13.0
Kansas,Bourbon,Midwest,73.6,11705.0,22.0,14.0,61.0,19.0,3.4,10.0
Kansas,Brown,Midwest,72.9,11703.0,13.0,14.0,66.0,16.0,2.8,12.0
Kansas,Butler,Midwest,75.3,8909.0,10.0,11.0,71.0,14.0,2.7,8.0
Kansas,Chase,Midwest,78.0,,16.0,12.0,61.0,17.0,2.3,9.0
Kansas,Chautauqua,Midwest,74.0,12109.0,25.0,16.0,59.0,19.0,2.8,14.0
Kansas,Cherokee,Midwest,72.1,12090.0,20.0,15.0,57.0,19.0,2.7,11.0
Kansas,Cheyenne,Midwest,76.4,,18.0,14.0,74.0,18.0,2.5,15.0
Kansas,Clark,Midwest,73.0,,17.0,14.0,82.0,15.0,2.0,8.0
Kansas,Clay,Midwest,78.2,6001.0,15.0,14.0,68.0,18.0,2.5,9.0
Kansas,Cloud,Midwest,73.4,10252.0,15.0,13.0,68.0,17.0,2.8,9.0
Kansas,Coffey,Midwest,76.6,7566.0,11.0,13.0,68.0,19.0,3.3,9.0
Kansas,Comanche,Midwest,75.0,,17.0,13.0,74.0,14.0,2.6,9.0
Kansas,Cowley,Midwest,73.7,10887.0,20.0,15.0,59.0,18.0,3.0,10.0
Kansas,Crawford,Midwest,72.5,11703.0,19.0,17.0,69.0,17.0,2.8,11.0
Kansas,Decatur,Midwest,75.4,,22.0,14.0,73.0,17.0,2.9,11.0
Kansas,Dickinson,Midwest,74.1,11197.0,13.0,12.0,62.0,15.0,2.8,9.0
Kansas,Doniphan,Midwest,76.9,6807.0,15.0,12.0,65.0,17.0,2.5,9.0
Kansas,Douglas,Midwest,79.2,6185.0,10.0,13.0,81.0,15.0,2.6,10.0
Kansas,Edwards,Midwest,63.6,25238.0,16.0,14.0,56.0,17.0,2.3,14.0
Kansas,Elk,Midwest,74.2,,24.0,16.0,48.0,20.0,2.5,13.0
Kansas,Ellis,Midwest,79.0,6166.0,12.0,13.0,79.0,14.0,1.9,11.0
Kansas,Ellsworth,Midwest,76.7,8284.0,14.0,12.0,59.0,18.0,2.4,10.0
Kansas,Finney,Midwest,76.2,9167.0,15.0,13.0,55.0,23.0,2.1,17.0
Kansas,Ford,Midwest,76.1,8381.0,14.0,12.0,45.0,24.0,2.1,16.0
Kansas,Franklin,Midwest,75.0,9277.0,13.0,12.0,58.0,14.0,2.5,9.0
Kansas,Geary,Midwest,72.7,12127.0,15.0,16.0,75.0,19.0,3.8,8.0
Kansas,Gove,Midwest,77.1,,13.0,11.0,63.0,15.0,2.3,10.0
Kansas,Graham,Midwest,75.9,,16.0,11.0,64.0,15.0,2.6,12.0
Kansas,Grant,Midwest,77.8,7300.0,16.0,9.0,61.0,19.0,2.7,17.0
Kansas,Gray,Midwest,77.5,7692.0,12.0,8.0,62.0,17.0,2.0,18.0
Kansas,Greenwood,Midwest,73.5,10764.0,21.0,15.0,59.0,17.0,2.7,11.0
Kansas,Hamilton,Midwest,74.4,,15.0,11.0,47.0,18.0,1.8,20.0
Kansas,Harper,Midwest,74.8,9227.0,20.0,15.0,59.0,22.0,2.3,12.0
Kansas,Harvey,Midwest,75.6,9762.0,11.0,12.0,70.0,16.0,2.9,11.0
Kansas,Haskell,Midwest,78.9,,16.0,11.0,50.0,20.0,2.0,21.0
Kansas,Hodgeman,Midwest,72.1,,12.0,12.0,68.0,15.0,2.2,11.0
Kansas,Jackson,Midwest,75.4,9798.0,12.0,12.0,59.0,15.0,2.3,10.0
Kansas,Jefferson,Midwest,76.5,9032.0,9.0,10.0,73.0,13.0,2.5,9.0
Kansas,Jewell,Midwest,80.1,,17.0,16.0,73.0,17.0,2.8,12.0
Kansas,Johnson,Midwest,80.6,4977.0,5.0,9.0,85.0,10.0,2.4,6.0
Kansas,Kearny,Midwest,76.4,,15.0,13.0,49.0,22.0,2.0,17.0
Kansas,Kingman,Midwest,61.0,27595.0,15.0,12.0,67.0,17.0,2.7,10.0
Kansas,Kiowa,Midwest,75.1,,13.0,11.0,67.0,13.0,2.5,12.0
Kansas,Labette,Midwest,74.4,10132.0,21.0,15.0,64.0,18.0,2.9,11.0
Kansas,Leavenworth,Midwest,77.0,8274.0,9.0,12.0,72.0,14.0,2.7,8.0
Kansas,Lincoln,Midwest,77.2,,16.0,13.0,73.0,15.0,2.1,10.0
Kansas,Linn,Midwest,72.5,13559.0,17.0,14.0,69.0,16.0,3.9,10.0
Kansas,Logan,Midwest,74.4,,15.0,14.0,62.0,17.0,1.8,11.0
Kansas,Lyon,Midwest,76.9,7547.0,15.0,14.0,65.0,19.0,2.6,13.0
Kansas,McPherson,Midwest,77.6,6868.0,9.0,12.0,74.0,14.0,2.0,10.0
Kansas,Marion,Midwest,76.6,8304.0,12.0,12.0,63.0,14.0,2.5,11.0
Kansas,Marshall,Midwest,76.6,8485.0,11.0,12.0,52.0,16.0,2.1,10.0
Kansas,Meade,Midwest,74.1,10432.0,13.0,10.0,64.0,18.0,2.1,16.0
Kansas,Miami,Midwest,77.1,8638.0,8.0,11.0,68.0,12.0,2.6,8.0
Kansas,Mitchell,Midwest,77.6,5731.0,14.0,13.0,80.0,17.0,2.0,11.0
Kansas,Montgomery,Midwest,72.2,12899.0,20.0,16.0,60.0,20.0,3.0,11.0
Kansas,Morris,Midwest,75.5,9706.0,18.0,13.0,67.0,17.0,2.5,11.0
Kansas,Morton,Midwest,74.0,11546.0,19.0,14.0,56.0,18.0,2.6,15.0
Kansas,Nemaha,Midwest,79.0,5114.0,9.0,11.0,79.0,15.0,1.7,8.0
Kansas,Neosho,Midwest,73.9,10635.0,20.0,15.0,66.0,18.0,3.5,10.0
Kansas,Ness,Midwest,72.1,,13.0,12.0,67.0,18.0,2.4,13.0
Kansas,Norton,Midwest,78.8,7015.0,18.0,12.0,56.0,17.0,2.0,10.0
Kansas,Osage,Midwest,73.7,10634.0,13.0,13.0,58.0,16.0,2.6,10.0
Kansas,Osborne,Midwest,75.7,,15.0,13.0,75.0,15.0,2.2,10.0
Kansas,Ottawa,Midwest,75.3,10207.0,11.0,12.0,67.0,15.0,2.3,8.0
Kansas,Pawnee,Midwest,75.6,10550.0,15.0,15.0,51.0,15.0,2.6,10.0
Kansas,Phillips,Midwest,75.8,9288.0,14.0,15.0,80.0,17.0,2.2,12.0
Kansas,Pottawatomie,Midwest,78.7,7314.0,8.0,10.0,79.0,13.0,2.3,7.0
Kansas,Pratt,Midwest,75.6,9403.0,13.0,12.0,61.0,16.0,2.1,11.0
Kansas,Rawlins,Midwest,77.5,,13.0,14.0,91.0,17.0,1.9,11.0
Kansas,Reno,Midwest,75.3,9624.0,15.0,14.0,61.0,17.0,2.9,10.0
Kansas,Republic,Midwest,76.5,7565.0,16.0,12.0,77.0,14.0,2.1,10.0
Kansas,Rice,Midwest,75.3,8472.0,15.0,12.0,71.0,15.0,2.5,11.0
Kansas,Riley,Midwest,79.7,5337.0,13.0,15.0,80.0,17.0,2.6,10.0
Kansas,Rooks,Midwest,75.5,11137.0,14.0,11.0,73.0,14.0,2.6,13.0
Kansas,Rush,Midwest,69.0,17778.0,16.0,13.0,60.0,16.0,2.2,12.0
Kansas,Russell,Midwest,74.8,10340.0,18.0,15.0,67.0,16.0,2.3,9.0
Kansas,Saline,Midwest,75.5,9658.0,14.0,13.0,67.0,16.0,2.4,10.0
Kansas,Scott,Midwest,76.8,9353.0,9.0,11.0,64.0,19.0,2.0,18.0
Kansas,Sedgwick,Midwest,74.8,10292.0,18.0,14.0,67.0,15.0,2.9,12.0
Kansas,Seward,Midwest,77.2,7827.0,18.0,12.0,50.0,23.0,2.5,18.0
Kansas,Shawnee,Midwest,75.0,10420.0,13.0,13.0,66.0,15.0,2.7,10.0
Kansas,Sheridan,Midwest,72.4,,12.0,12.0,73.0,13.0,2.1,7.0
Kansas,Sherman,Midwest,77.2,9118.0,18.0,14.0,68.0,19.0,2.4,13.0
Kansas,Smith,Midwest,79.0,,16.0,12.0,67.0,15.0,2.0,9.0
Kansas,Stafford,Midwest,74.2,10057.0,17.0,13.0,73.0,18.0,2.3,13.0
Kansas,Stanton,Midwest,78.9,,14.0,12.0,47.0,21.0,2.1,15.0
Kansas,Stevens,Midwest,75.4,11314.0,15.0,14.0,44.0,21.0,2.1,19.0
Kansas,Sumner,Midwest,74.0,10708.0,14.0,14.0,65.0,18.0,2.7,10.0
Kansas,Thomas,Midwest,77.7,8679.0,9.0,11.0,83.0,14.0,1.9,13.0
Kansas,Trego,Midwest,80.3,,12.0,11.0,65.0,14.0,3.0,11.0
Kansas,Wabaunsee,Midwest,80.6,5823.0,10.0,11.0,71.0,14.0,2.6,8.0
Kansas,Washington,Midwest,79.6,,12.0,12.0,70.0,15.0,2.1,12.0
Kansas,Wichita,Midwest,71.5,,12.0,14.0,63.0,17.0,2.2,16.0
Kansas,Wilson,Midwest,73.4,11658.0,18.0,16.0,57.0,16.0,3.1,10.0
Kansas,Woodson,Midwest,73.3,,19.0,15.0,56.0,18.0,3.4,9.0
Kansas,Wyandotte,Midwest,73.7,11751.0,22.0,14.0,53.0,23.0,3.4,15.0
Kentucky,Adair,South,71.7,13989.0,28.0,18.0,54.0,22.0,5.0,7.0
Kentucky,Allen,South,73.1,12023.0,22.0,16.0,52.0,23.0,4.0,6.0
Kentucky,Anderson,South,74.4,9892.0,12.0,14.0,68.0,21.0,3.3,6.0
Kentucky,Ballard,South,72.9,12006.0,22.0,15.0,57.0,23.0,4.9,6.0
Kentucky,Barren,South,73.7,10308.0,23.0,18.0,52.0,22.0,4.4,8.0
Kentucky,Bath,South,68.8,16750.0,27.0,19.0,47.0,22.0,5.6,6.0
Kentucky,Bell,South,67.3,19303.0,38.0,22.0,56.0,28.0,5.6,7.0
Kentucky,Boone,South,78.0,7098.0,9.0,10.0,72.0,18.0,3.6,5.0
Kentucky,Bourbon,South,73.8,11509.0,18.0,16.0,61.0,23.0,3.6,7.0
Kentucky,Boyd,South,71.6,13628.0,23.0,18.0,60.0,22.0,5.6,6.0
Kentucky,Boyle,South,74.6,10411.0,18.0,15.0,62.0,20.0,4.5,6.0
Kentucky,Bracken,South,71.5,13860.0,20.0,16.0,48.0,21.0,4.7,6.0
Kentucky,Breathitt,South,67.5,18853.0,37.0,24.0,52.0,27.0,7.5,7.0
Kentucky,Breckinridge,South,72.4,12215.0,22.0,19.0,48.0,29.0,4.9,8.0
Kentucky,Bullitt,South,75.7,10263.0,11.0,13.0,62.0,20.0,4.1,5.0
Kentucky,Butler,South,72.7,11443.0,19.0,18.0,41.0,25.0,4.5,9.0
Kentucky,Caldwell,South,73.0,12822.0,22.0,17.0,55.0,22.0,3.9,7.0
Kentucky,Calloway,South,74.1,10108.0,20.0,16.0,69.0,20.0,4.4,7.0
Kentucky,Campbell,South,77.1,8183.0,12.0,13.0,80.0,16.0,3.6,5.0
Kentucky,Carlisle,South,70.9,12948.0,19.0,16.0,59.0,24.0,3.9,8.0
Kentucky,Carroll,South,70.7,14553.0,23.0,17.0,49.0,24.0,3.5,7.0
Kentucky,Carter,South,70.4,15655.0,24.0,21.0,51.0,23.0,7.6,8.0
Kentucky,Casey,South,72.1,12947.0,28.0,19.0,37.0,30.0,4.1,9.0
Kentucky,Christian,South,71.5,13574.0,23.0,16.0,59.0,25.0,5.1,7.0
Kentucky,Clark,South,72.8,13320.0,16.0,15.0,60.0,21.0,3.8,5.0
Kentucky,Clay,South,68.3,16674.0,54.0,24.0,42.0,31.0,6.4,8.0
Kentucky,Clinton,South,71.7,12683.0,33.0,19.0,48.0,26.0,5.2,8.0
Kentucky,Crittenden,South,71.8,13654.0,27.0,18.0,51.0,23.0,4.1,8.0
Kentucky,Cumberland,South,73.1,10296.0,32.0,20.0,43.0,26.0,3.4,7.0
Kentucky,Daviess,South,74.9,9962.0,21.0,15.0,63.0,20.0,4.3,6.0
Kentucky,Edmonson,South,75.3,8976.0,22.0,18.0,48.0,24.0,5.1,8.0
Kentucky,Elliott,South,76.3,10155.0,28.0,23.0,31.0,28.0,8.2,5.0
Kentucky,Estill,South,69.5,16583.0,26.0,21.0,45.0,27.0,5.0,8.0
Kentucky,Fayette,South,76.7,9021.0,18.0,13.0,75.0,19.0,3.4,8.0
Kentucky,Fleming,South,72.6,11529.0,22.0,18.0,57.0,26.0,4.8,8.0
Kentucky,Floyd,South,67.0,19361.0,31.0,23.0,51.0,25.0,6.0,7.0
Kentucky,Franklin,South,73.0,11856.0,15.0,14.0,70.0,18.0,3.6,6.0
Kentucky,Fulton,South,68.3,17913.0,35.0,20.0,43.0,32.0,5.0,7.0
Kentucky,Gallatin,South,71.6,12177.0,18.0,16.0,51.0,22.0,4.0,7.0
Kentucky,Garrard,South,73.7,11374.0,24.0,15.0,61.0,24.0,3.9,9.0
Kentucky,Grant,South,72.0,12411.0,18.0,15.0,54.0,23.0,4.0,7.0
Kentucky,Graves,South,73.0,10917.0,24.0,17.0,55.0,23.0,4.2,7.0
Kentucky,Grayson,South,71.0,13589.0,24.0,18.0,48.0,24.0,4.6,7.0
Kentucky,Green,South,73.8,11040.0,23.0,19.0,55.0,28.0,3.8,8.0
Kentucky,Greenup,South,72.5,12737.0,17.0,17.0,61.0,21.0,6.5,6.0
Kentucky,Hancock,South,74.8,9527.0,14.0,15.0,60.0,20.0,4.6,6.0
Kentucky,Hardin,South,73.7,10822.0,18.0,14.0,69.0,21.0,4.1,6.0
Kentucky,Harlan,South,65.7,20677.0,35.0,24.0,57.0,31.0,6.6,7.0
Kentucky,Harrison,South,72.4,12273.0,17.0,16.0,53.0,21.0,3.8,6.0
Kentucky,Hart,South,73.2,10750.0,22.0,18.0,39.0,27.0,4.4,8.0
Kentucky,Henderson,South,73.3,11101.0,17.0,17.0,53.0,20.0,4.0,7.0
Kentucky,Henry,South,72.7,12702.0,19.0,16.0,48.0,24.0,3.7,8.0
Kentucky,Hickman,South,71.5,14521.0,27.0,16.0,45.0,22.0,4.5,7.0
Kentucky,Hopkins,South,72.3,11560.0,19.0,18.0,55.0,24.0,4.4,7.0
Kentucky,Jackson,South,71.1,13112.0,28.0,20.0,37.0,30.0,5.6,7.0
Kentucky,Jefferson,South,73.3,12652.0,22.0,13.0,70.0,20.0,3.9,6.0
Kentucky,Jessamine,South,75.7,9935.0,14.0,14.0,68.0,17.0,3.5,8.0
Kentucky,Johnson,South,69.4,16084.0,28.0,20.0,57.0,29.0,6.6,7.0
Kentucky,Kenton,South,76.3,8771.0,14.0,13.0,72.0,17.0,3.7,5.0
Kentucky,Knott,South,67.1,20881.0,32.0,23.0,56.0,30.0,6.7,7.0
Kentucky,Knox,South,69.5,15275.0,43.0,24.0,44.0,27.0,5.8,7.0
Kentucky,Larue,South,72.7,12355.0,22.0,17.0,59.0,27.0,4.4,9.0
Kentucky,Laurel,South,72.5,11684.0,28.0,18.0,53.0,24.0,4.5,7.0
Kentucky,Lawrence,South,70.5,14424.0,25.0,21.0,44.0,25.0,5.7,8.0
Kentucky,Lee,South,68.3,16473.0,37.0,24.0,36.0,33.0,5.8,7.0
Kentucky,Leslie,South,68.7,16777.0,31.0,24.0,60.0,27.0,6.9,5.0
Kentucky,Letcher,South,67.7,18646.0,29.0,24.0,60.0,25.0,6.3,7.0
Kentucky,Lewis,South,70.0,15649.0,29.0,21.0,37.0,29.0,8.0,8.0
Kentucky,Lincoln,South,70.5,14551.0,23.0,16.0,50.0,23.0,5.1,8.0
Kentucky,Livingston,South,71.0,13207.0,23.0,18.0,57.0,20.0,5.0,6.0
Kentucky,Logan,South,73.8,10817.0,18.0,15.0,55.0,21.0,4.1,7.0
Kentucky,Lyon,South,76.0,8310.0,18.0,17.0,34.0,20.0,4.4,9.0
Kentucky,McCracken,South,73.8,11387.0,21.0,15.0,63.0,22.0,4.0,7.0
Kentucky,McCreary,South,69.6,14730.0,42.0,23.0,43.0,31.0,5.9,8.0
Kentucky,McLean,South,74.5,8600.0,17.0,13.0,61.0,20.0,4.6,7.0
Kentucky,Madison,South,73.8,11055.0,17.0,15.0,68.0,19.0,3.9,6.0
Kentucky,Magoffin,South,68.1,18906.0,35.0,26.0,42.0,32.0,9.8,8.0
Kentucky,Marion,South,73.2,12581.0,17.0,18.0,48.0,25.0,3.4,6.0
Kentucky,Marshall,South,74.8,9527.0,17.0,14.0,64.0,20.0,4.0,6.0
Kentucky,Martin,South,70.6,14341.0,53.0,22.0,37.0,34.0,8.3,7.0
Kentucky,Mason,South,72.2,12340.0,21.0,17.0,57.0,25.0,5.2,7.0
Kentucky,Meade,South,75.1,9457.0,14.0,15.0,58.0,20.0,4.6,6.0
Kentucky,Menifee,South,70.0,16657.0,36.0,22.0,41.0,27.0,6.2,7.0
Kentucky,Mercer,South,73.4,10738.0,18.0,13.0,64.0,20.0,4.1,6.0
Kentucky,Metcalfe,South,71.8,12510.0,37.0,19.0,49.0,26.0,4.8,6.0
Kentucky,Monroe,South,72.2,11281.0,30.0,19.0,40.0,24.0,4.3,8.0
Kentucky,Montgomery,South,71.9,13180.0,19.0,17.0,56.0,24.0,4.8,7.0
Kentucky,Morgan,South,73.0,11958.0,27.0,19.0,44.0,28.0,5.1,9.0
Kentucky,Muhlenberg,South,72.9,12123.0,25.0,17.0,50.0,23.0,6.1,7.0
Kentucky,Nelson,South,74.2,10516.0,16.0,12.0,63.0,18.0,3.6,5.0
Kentucky,Nicholas,South,72.7,11024.0,25.0,17.0,54.0,24.0,4.3,7.0
Kentucky,Ohio,South,72.8,11567.0,20.0,16.0,53.0,24.0,5.6,8.0
Kentucky,Oldham,South,79.7,5389.0,5.0,8.0,77.0,14.0,3.4,4.0
Kentucky,Owen,South,72.6,12546.0,19.0,14.0,47.0,23.0,3.7,8.0
Kentucky,Owsley,South,64.5,23920.0,42.0,25.0,41.0,27.0,6.6,6.0
Kentucky,Pendleton,South,72.1,13015.0,18.0,16.0,53.0,23.0,4.0,7.0
Kentucky,Perry,South,65.7,21360.0,37.0,21.0,57.0,26.0,5.6,7.0
Kentucky,Pike,South,69.3,16442.0,28.0,21.0,58.0,28.0,5.7,7.0
Kentucky,Powell,South,68.6,16952.0,28.0,19.0,56.0,24.0,4.4,6.0
Kentucky,Pulaski,South,72.1,12731.0,22.0,19.0,61.0,25.0,4.8,8.0
Kentucky,Robertson,South,71.7,,28.0,18.0,39.0,27.0,5.2,7.0
Kentucky,Rockcastle,South,69.2,16971.0,26.0,20.0,46.0,28.0,4.7,7.0
Kentucky,Rowan,South,71.8,13749.0,23.0,19.0,53.0,24.0,5.2,6.0
Kentucky,Russell,South,72.1,12997.0,25.0,19.0,52.0,29.0,5.3,8.0
Kentucky,Scott,South,75.7,8790.0,13.0,12.0,71.0,18.0,3.3,4.0
Kentucky,Shelby,South,76.2,8676.0,14.0,11.0,67.0,18.0,3.5,7.0
Kentucky,Simpson,South,73.0,11055.0,18.0,14.0,56.0,21.0,3.8,6.0
Kentucky,Spencer,South,76.2,8170.0,8.0,11.0,66.0,20.0,3.7,5.0
Kentucky,Taylor,South,71.7,13038.0,23.0,16.0,58.0,22.0,3.8,6.0
Kentucky,Todd,South,73.0,11430.0,23.0,16.0,45.0,27.0,3.8,13.0
Kentucky,Trigg,South,72.5,12993.0,20.0,17.0,62.0,23.0,4.7,8.0
Kentucky,Trimble,South,72.2,12330.0,17.0,15.0,52.0,21.0,3.9,7.0
Kentucky,Union,South,73.3,10035.0,20.0,19.0,47.0,25.0,4.9,7.0
Kentucky,Warren,South,75.3,9208.0,15.0,15.0,67.0,19.0,3.9,9.0
Kentucky,Washington,South,74.2,10519.0,17.0,15.0,62.0,20.0,3.3,7.0
Kentucky,Wayne,South,72.7,13029.0,36.0,21.0,47.0,29.0,5.6,8.0
Kentucky,Webster,South,70.1,15679.0,19.0,18.0,53.0,25.0,4.2,9.0
Kentucky,Whitley,South,68.5,16850.0,33.0,20.0,52.0,25.0,4.8,7.0
Kentucky,Wolfe,South,65.5,22193.0,40.0,27.0,37.0,36.0,6.3,8.0
Kentucky,Woodford,South,76.7,9363.0,13.0,12.0,73.0,16.0,3.1,6.0
Louisiana,Acadia,South,70.6,14440.0,32.0,20.0,41.0,23.0,3.7,8.0
Louisiana,Allen,South,70.7,13701.0,23.0,18.0,37.0,24.0,4.2,7.0
Louisiana,Ascension,South,76.3,9276.0,13.0,12.0,68.0,17.0,3.0,6.0
Louisiana,Assumption,South,74.0,12175.0,27.0,15.0,43.0,25.0,4.3,10.0
Louisiana,Avoyelles,South,71.1,14475.0,37.0,21.0,48.0,29.0,4.2,9.0
Louisiana,Beauregard,South,73.4,11152.0,20.0,15.0,49.0,22.0,3.6,9.0
Louisiana,Bienville,South,68.7,17836.0,34.0,20.0,33.0,30.0,4.3,7.0
Louisiana,Bossier,South,75.9,8647.0,19.0,15.0,66.0,20.0,3.2,8.0
Louisiana,Caddo,South,71.4,14193.0,32.0,17.0,58.0,24.0,4.1,8.0
Louisiana,Calcasieu,South,73.5,11761.0,25.0,15.0,62.0,21.0,3.4,8.0
Louisiana,Caldwell,South,70.8,13531.0,29.0,19.0,42.0,25.0,4.0,9.0
Louisiana,Cameron,South,78.5,7694.0,19.0,15.0,54.0,21.0,2.8,7.0
Louisiana,Catahoula,South,70.9,13445.0,46.0,18.0,41.0,23.0,4.3,8.0
Louisiana,Claiborne,South,73.8,11645.0,38.0,19.0,25.0,33.0,4.0,10.0
Louisiana,Concordia,South,70.5,15586.0,35.0,22.0,38.0,28.0,4.7,9.0
Louisiana,De Soto,South,73.8,11309.0,24.0,17.0,55.0,23.0,4.1,8.0
Louisiana,East Baton Rouge,South,73.2,12990.0,25.0,14.0,69.0,19.0,3.4,8.0
Louisiana,East Carroll,South,71.1,13141.0,53.0,23.0,29.0,36.0,8.8,9.0
Louisiana,East Feliciana,South,71.1,14292.0,23.0,13.0,43.0,21.0,3.5,7.0
Louisiana,Evangeline,South,71.1,13359.0,28.0,22.0,39.0,31.0,3.9,8.0
Louisiana,Franklin,South,70.9,14083.0,36.0,19.0,38.0,27.0,5.2,9.0
Louisiana,Grant,South,72.9,11307.0,25.0,16.0,36.0,25.0,3.7,8.0
Louisiana,Iberia,South,71.7,13642.0,33.0,18.0,48.0,25.0,4.1,9.0
Louisiana,Iberville,South,71.9,13473.0,32.0,14.0,53.0,24.0,4.2,8.0
Louisiana,Jackson,South,73.3,11807.0,28.0,20.0,38.0,26.0,3.3,7.0
Louisiana,Jefferson,South,75.2,10825.0,23.0,15.0,65.0,21.0,3.5,11.0
Louisiana,Jefferson Davis,South,71.3,13403.0,23.0,16.0,46.0,21.0,3.8,8.0
Louisiana,Lafayette,South,75.8,9850.0,21.0,15.0,66.0,20.0,3.2,9.0
Louisiana,Lafourche,South,74.6,10656.0,26.0,16.0,54.0,23.0,3.2,8.0
Louisiana,LaSalle,South,73.0,10508.0,24.0,15.0,33.0,22.0,3.0,9.0
Louisiana,Lincoln,South,75.0,10122.0,27.0,18.0,67.0,24.0,3.8,8.0
Louisiana,Livingston,South,73.9,11382.0,18.0,14.0,53.0,19.0,3.0,7.0
Louisiana,Madison,South,70.3,15091.0,48.0,22.0,39.0,33.0,5.5,7.0
Louisiana,Morehouse,South,68.2,17460.0,45.0,19.0,47.0,30.0,5.9,8.0
Louisiana,Natchitoches,South,70.4,15750.0,30.0,17.0,52.0,25.0,4.1,7.0
Louisiana,Orleans,South,73.7,13811.0,33.0,16.0,75.0,22.0,4.5,8.0
Louisiana,Ouachita,South,72.0,13455.0,29.0,17.0,61.0,22.0,3.8,8.0
Louisiana,Plaquemines,South,75.8,9582.0,20.0,15.0,62.0,22.0,3.3,8.0
Louisiana,Pointe Coupee,South,72.3,13129.0,28.0,18.0,58.0,25.0,3.8,8.0
Louisiana,Rapides,South,70.4,15366.0,26.0,16.0,51.0,23.0,3.5,8.0
Louisiana,Red River,South,71.6,12457.0,34.0,17.0,35.0,27.0,3.5,8.0
Louisiana,Richland,South,71.5,13499.0,37.0,18.0,46.0,26.0,4.6,9.0
Louisiana,Sabine,South,72.0,13189.0,25.0,20.0,37.0,25.0,3.8,10.0
Louisiana,St. Bernard,South,73.2,13013.0,26.0,18.0,65.0,26.0,4.2,9.0
Louisiana,St. Charles,South,75.3,9796.0,19.0,12.0,65.0,18.0,3.2,5.0
Louisiana,St. Helena,South,70.0,19092.0,35.0,21.0,47.0,27.0,5.3,8.0
Louisiana,St. James,South,74.5,11082.0,23.0,11.0,61.0,22.0,4.5,6.0
Louisiana,St. John the Baptist,South,73.6,11024.0,28.0,13.0,50.0,24.0,4.4,7.0
Louisiana,St. Landry,South,69.6,16089.0,30.0,18.0,43.0,27.0,4.5,9.0
Louisiana,St. Martin,South,73.3,11427.0,27.0,15.0,49.0,23.0,3.6,8.0
Louisiana,St. Mary,South,71.8,13601.0,31.0,18.0,40.0,28.0,4.2,9.0
Louisiana,St. Tammany,South,76.5,8688.0,15.0,14.0,71.0,19.0,3.3,8.0
Louisiana,Tangipahoa,South,72.1,13160.0,26.0,17.0,55.0,22.0,4.3,8.0
Louisiana,Tensas,South,72.3,13775.0,47.0,21.0,22.0,34.0,5.1,10.0
Louisiana,Terrebonne,South,73.2,11984.0,22.0,16.0,52.0,21.0,3.4,10.0
Louisiana,Union,South,71.1,14499.0,29.0,19.0,42.0,24.0,4.2,7.0
Louisiana,Vermilion,South,74.1,10384.0,24.0,17.0,47.0,22.0,3.6,8.0
Louisiana,Vernon,South,73.0,11102.0,21.0,19.0,57.0,21.0,4.6,8.0
Louisiana,Washington,South,68.9,17972.0,31.0,19.0,44.0,25.0,4.3,7.0
Louisiana,Webster,South,69.5,15964.0,29.0,19.0,47.0,28.0,4.4,8.0
Louisiana,West Baton Rouge,South,74.5,11218.0,19.0,13.0,66.0,22.0,3.3,6.0
Louisiana,West Carroll,South,71.7,12774.0,30.0,18.0,38.0,27.0,6.2,9.0
Louisiana,West Feliciana,South,73.7,14259.0,19.0,12.0,52.0,20.0,2.6,5.0
Louisiana,Winn,South,70.1,15958.0,31.0,17.0,35.0,25.0,4.2,8.0
Maine,Androscoggin,Northeast,75.0,10327.0,17.0,14.0,66.0,15.0,3.0,8.0
Maine,Aroostook,Northeast,75.0,10576.0,15.0,16.0,63.0,17.0,3.9,10.0
Maine,Cumberland,Northeast,79.5,6232.0,7.0,11.0,82.0,12.0,2.4,7.0
Maine,Franklin,Northeast,76.2,9716.0,16.0,14.0,60.0,15.0,3.5,9.0
Maine,Hancock,Northeast,78.1,7940.0,13.0,13.0,69.0,13.0,3.2,11.0
Maine,Kennebec,Northeast,76.1,9353.0,15.0,14.0,65.0,16.0,2.6,8.0
Maine,Knox,Northeast,78.9,7638.0,13.0,12.0,64.0,12.0,2.9,10.0
Maine,Lincoln,Northeast,78.9,7245.0,14.0,12.0,66.0,14.0,2.8,10.0
Maine,Oxford,Northeast,76.1,9428.0,19.0,15.0,54.0,18.0,3.2,11.0
Maine,Penobscot,Northeast,75.2,10049.0,13.0,14.0,70.0,16.0,3.1,9.0
Maine,Piscataquis,Northeast,75.4,9532.0,20.0,16.0,61.0,16.0,4.2,9.0
Maine,Sagadahoc,Northeast,80.1,5914.0,11.0,12.0,73.0,14.0,2.3,8.0
Maine,Somerset,Northeast,74.4,10675.0,18.0,16.0,59.0,18.0,4.2,10.0
Maine,Waldo,Northeast,76.5,9085.0,19.0,14.0,67.0,14.0,3.0,10.0
Maine,Washington,Northeast,72.3,13437.0,21.0,17.0,62.0,17.0,4.1,12.0
Maine,York,Northeast,78.6,7331.0,9.0,12.0,70.0,13.0,2.6,7.0
Maryland,Allegany,South,73.5,11358.0,22.0,17.0,53.0,19.0,2.8,6.0
Maryland,Anne Arundel,South,78.8,7001.0,7.0,11.0,76.0,13.0,1.8,5.0
Maryland,Baltimore,South,76.9,8667.0,10.0,12.0,71.0,15.0,2.2,6.0
Maryland,Calvert,South,78.7,6742.0,6.0,10.0,73.0,12.0,1.9,4.0
Maryland,Caroline,South,74.5,10061.0,16.0,15.0,51.0,22.0,2.1,9.0
Maryland,Carroll,South,78.2,6289.0,6.0,11.0,75.0,13.0,1.7,4.0
Maryland,Cecil,South,73.7,11662.0,13.0,14.0,60.0,16.0,2.2,5.0
Maryland,Charles,South,76.7,8696.0,9.0,8.0,71.0,16.0,2.2,5.0
Maryland,Dorchester,South,74.2,12187.0,23.0,15.0,51.0,21.0,2.3,7.0
Maryland,Frederick,South,80.0,5697.0,7.0,11.0,76.0,15.0,2.0,5.0
Maryland,Garrett,South,76.8,8314.0,15.0,16.0,55.0,17.0,2.3,8.0
Maryland,Harford,South,77.9,7205.0,8.0,11.0,73.0,13.0,2.0,5.0
Maryland,Howard,South,82.5,4573.0,6.0,10.0,85.0,11.0,1.7,4.0
Maryland,Kent,South,76.8,8863.0,19.0,14.0,61.0,14.0,2.4,7.0
Maryland,Montgomery,South,83.2,4785.0,7.0,11.0,78.0,12.0,1.9,8.0
Maryland,Prince George's,South,77.6,8436.0,14.0,9.0,64.0,17.0,2.2,11.0
Maryland,Queen Anne's,South,79.6,6444.0,8.0,12.0,67.0,15.0,1.8,6.0
Maryland,St. Mary's,South,77.0,8105.0,11.0,12.0,68.0,17.0,2.0,5.0
Maryland,Somerset,South,74.0,10152.0,27.0,16.0,44.0,24.0,3.2,6.0
Maryland,Talbot,South,78.9,8049.0,14.0,14.0,65.0,15.0,2.2,8.0
Maryland,Washington,South,74.5,10710.0,15.0,15.0,57.0,18.0,2.3,8.0
Maryland,Wicomico,South,74.9,9977.0,20.0,14.0,60.0,18.0,2.5,8.0
Maryland,Worcester,South,78.5,7635.0,14.0,14.0,68.0,15.0,3.3,7.0
Maryland,Baltimore City,South,70.6,15998.0,26.0,16.0,67.0,20.0,2.9,7.0
Massachusetts,Barnstable,Northeast,79.5,7272.0,12.0,9.0,70.0,12.0,4.2,3.0
Massachusetts,Berkshire,Northeast,77.7,8525.0,17.0,11.0,67.0,15.0,3.6,3.0
Massachusetts,Bristol,Northeast,77.4,7890.0,18.0,11.0,62.0,17.0,4.1,3.0
Massachusetts,Dukes,Northeast,83.1,4473.0,12.0,9.0,71.0,13.0,4.4,4.0
Massachusetts,Essex,Northeast,79.7,5853.0,13.0,10.0,69.0,15.0,3.5,3.0
Massachusetts,Franklin,Northeast,79.3,6666.0,15.0,12.0,68.0,12.0,2.9,3.0
Massachusetts,Hampden,Northeast,76.3,8992.0,26.0,13.0,60.0,21.0,4.3,3.0
Massachusetts,Hampshire,Northeast,80.2,5587.0,12.0,9.0,78.0,13.0,2.9,3.0
Massachusetts,Middlesex,Northeast,81.5,4416.0,8.0,8.0,83.0,11.0,2.9,2.0
Massachusetts,Nantucket,Northeast,82.8,4855.0,7.0,8.0,80.0,11.0,5.8,4.0
Massachusetts,Norfolk,Northeast,81.2,4629.0,7.0,8.0,85.0,12.0,3.1,2.0
Massachusetts,Plymouth,Northeast,78.8,6525.0,9.0,8.0,72.0,14.0,3.5,2.0
Massachusetts,Suffolk,Northeast,80.1,6117.0,20.0,12.0,79.0,17.0,3.2,3.0
Massachusetts,Worcester,Northeast,78.8,6707.0,13.0,10.0,69.0,15.0,3.5,3.0
Michigan,Alcona,Midwest,75.1,11085.0,26.0,18.0,56.0,19.0,7.3,7.0
Michigan,Alger,Midwest,78.9,7606.0,16.0,16.0,55.0,17.0,7.7,6.0
Michigan,Allegan,Midwest,77.6,6999.0,12.0,12.0,58.0,16.0,3.4,6.0
Michigan,Alpena,Midwest,77.0,7631.0,20.0,18.0,64.0,18.0,4.5,6.0
Michigan,Antrim,Midwest,78.8,7259.0,16.0,14.0,64.0,13.0,5.4,7.0
Michigan,Arenac,Midwest,73.9,11697.0,23.0,17.0,58.0,18.0,6.9,6.0
Michigan,Baraga,Midwest,74.9,10296.0,19.0,17.0,46.0,18.0,6.2,7.0
Michigan,Barry,Midwest,77.9,6873.0,11.0,13.0,59.0,13.0,3.5,5.0
Michigan,Bay,Midwest,75.1,9515.0,16.0,16.0,65.0,14.0,4.9,6.0
Michigan,Benzie,Midwest,77.1,9354.0,14.0,14.0,69.0,15.0,5.0,7.0
Michigan,Berrien,Midwest,76.0,9398.0,17.0,15.0,69.0,17.0,4.2,7.0
Michigan,Branch,Midwest,76.1,8391.0,20.0,15.0,50.0,19.0,3.9,8.0
Michigan,Calhoun,Midwest,73.6,10979.0,19.0,15.0,57.0,19.0,4.3,6.0
Michigan,Cass,Midwest,76.1,9385.0,17.0,15.0,60.0,16.0,4.4,7.0
Michigan,Charlevoix,Midwest,78.0,7719.0,13.0,13.0,65.0,16.0,4.6,6.0
Michigan,Cheboygan,Midwest,75.4,10234.0,23.0,17.0,50.0,17.0,8.2,8.0
Michigan,Chippewa,Midwest,77.2,7385.0,18.0,17.0,56.0,19.0,5.9,7.0
Michigan,Clare,Midwest,73.7,10912.0,29.0,21.0,48.0,19.0,6.3,8.0
Michigan,Clinton,Midwest,79.9,5260.0,7.0,12.0,79.0,12.0,3.3,4.0
Michigan,Crawford,Midwest,76.6,8506.0,22.0,18.0,58.0,18.0,5.9,6.0
Michigan,Delta,Midwest,76.5,8625.0,17.0,16.0,67.0,15.0,5.2,6.0
Michigan,Dickinson,Midwest,76.8,8876.0,14.0,14.0,75.0,15.0,3.8,5.0
Michigan,Eaton,Midwest,77.1,7898.0,12.0,13.0,74.0,14.0,3.6,5.0
Michigan,Emmet,Midwest,78.7,6730.0,11.0,14.0,71.0,13.0,5.7,6.0
Michigan,Genesee,Midwest,73.1,12112.0,25.0,16.0,63.0,16.0,5.0,5.0
Michigan,Gladwin,Midwest,74.0,11069.0,22.0,17.0,58.0,17.0,5.9,8.0
Michigan,Gogebic,Midwest,76.6,9301.0,26.0,16.0,60.0,17.0,4.7,6.0
Michigan,Grand Traverse,Midwest,78.7,6589.0,9.0,13.0,77.0,13.0,3.4,6.0
Michigan,Gratiot,Midwest,75.5,8638.0,19.0,15.0,56.0,15.0,4.4,5.0
Michigan,Hillsdale,Midwest,75.3,8807.0,19.0,16.0,56.0,18.0,4.2,7.0
Michigan,Houghton,Midwest,77.6,7052.0,14.0,15.0,73.0,15.0,4.6,6.0
Michigan,Huron,Midwest,76.6,7757.0,18.0,15.0,61.0,17.0,4.3,7.0
Michigan,Ingham,Midwest,75.4,9801.0,17.0,15.0,76.0,15.0,3.9,6.0
Michigan,Ionia,Midwest,77.5,6910.0,15.0,13.0,57.0,16.0,3.6,6.0
Michigan,Iosco,Midwest,73.5,12006.0,27.0,18.0,58.0,19.0,6.0,6.0
Michigan,Iron,Midwest,74.6,10774.0,26.0,17.0,53.0,18.0,5.6,8.0
Michigan,Isabella,Midwest,74.9,9503.0,16.0,18.0,68.0,19.0,4.5,7.0
Michigan,Jackson,Midwest,75.1,9855.0,19.0,14.0,58.0,18.0,4.0,6.0
Michigan,Kalamazoo,Midwest,77.1,7811.0,15.0,14.0,76.0,15.0,3.7,5.0
Michigan,Kalkaska,Midwest,74.7,9139.0,20.0,17.0,56.0,19.0,5.6,7.0
Michigan,Kent,Midwest,78.5,6630.0,13.0,12.0,73.0,16.0,3.2,5.0
Michigan,Keweenaw,Midwest,79.2,,17.0,13.0,59.0,13.0,5.9,5.0
Michigan,Lake,Midwest,75.5,10149.0,33.0,20.0,42.0,23.0,7.0,8.0
Michigan,Lapeer,Midwest,75.8,8510.0,12.0,13.0,61.0,17.0,4.1,6.0
Michigan,Leelanau,Midwest,80.9,5741.0,10.0,12.0,77.0,11.0,3.8,7.0
Michigan,Lenawee,Midwest,76.0,8420.0,13.0,14.0,59.0,16.0,4.2,5.0
Michigan,Livingston,Midwest,79.7,5584.0,6.0,10.0,78.0,12.0,2.7,4.0
Michigan,Luce,Midwest,76.3,8279.0,27.0,19.0,53.0,19.0,5.9,6.0
Michigan,Mackinac,Midwest,77.2,7365.0,19.0,19.0,55.0,17.0,8.9,11.0
Michigan,Macomb,Midwest,76.3,8360.0,14.0,13.0,68.0,18.0,3.5,6.0
Michigan,Manistee,Midwest,75.2,10237.0,20.0,15.0,54.0,16.0,5.7,7.0
Michigan,Marquette,Midwest,78.0,7011.0,13.0,15.0,75.0,15.0,4.6,6.0
Michigan,Mason,Midwest,76.5,8895.0,22.0,16.0,62.0,17.0,4.9,6.0
Michigan,Mecosta,Midwest,76.3,8230.0,24.0,17.0,55.0,19.0,5.3,7.0
Michigan,Menominee,Midwest,78.4,7684.0,20.0,15.0,60.0,18.0,4.0,6.0
Michigan,Midland,Midwest,79.0,6298.0,14.0,14.0,75.0,14.0,4.0,5.0
Michigan,Missaukee,Midwest,76.6,7753.0,17.0,15.0,57.0,18.0,4.8,8.0
Michigan,Monroe,Midwest,76.4,8571.0,13.0,14.0,64.0,17.0,4.2,5.0
Michigan,Montcalm,Midwest,76.0,8730.0,18.0,15.0,48.0,18.0,4.3,7.0
Michigan,Montmorency,Midwest,73.6,11676.0,25.0,20.0,58.0,18.0,7.5,8.0
Michigan,Muskegon,Midwest,75.1,9658.0,16.0,14.0,57.0,19.0,4.4,5.0
Michigan,Newaygo,Midwest,76.6,8616.0,18.0,16.0,54.0,18.0,4.3,7.0
Michigan,Oakland,Midwest,79.1,6101.0,10.0,11.0,82.0,12.0,2.9,5.0
Michigan,Oceana,Midwest,76.9,8787.0,21.0,16.0,51.0,18.0,5.7,7.0
Michigan,Ogemaw,Midwest,73.6,11752.0,23.0,19.0,57.0,18.0,6.6,7.0
Michigan,Ontonagon,Midwest,73.1,13371.0,24.0,17.0,56.0,18.0,7.0,7.0
Michigan,Osceola,Midwest,76.9,7959.0,22.0,17.0,54.0,18.0,4.8,7.0
Michigan,Oscoda,Midwest,72.8,12362.0,28.0,18.0,59.0,19.0,7.6,10.0
Michigan,Otsego,Midwest,75.5,9434.0,15.0,15.0,68.0,19.0,4.8,7.0
Michigan,Ottawa,Midwest,80.1,5206.0,8.0,11.0,74.0,13.0,3.0,5.0
Michigan,Presque Isle,Midwest,77.6,7916.0,19.0,17.0,71.0,18.0,7.7,6.0
Michigan,Roscommon,Midwest,73.2,12762.0,27.0,20.0,65.0,17.0,7.2,7.0
Michigan,Saginaw,Midwest,74.5,10742.0,23.0,17.0,63.0,21.0,5.2,6.0
Michigan,St. Clair,Midwest,75.0,9609.0,14.0,14.0,64.0,16.0,3.8,5.0
Michigan,St. Joseph,Midwest,74.9,10116.0,14.0,15.0,49.0,21.0,4.4,8.0
Michigan,Sanilac,Midwest,75.3,9591.0,20.0,17.0,55.0,20.0,4.8,7.0
Michigan,Schoolcraft,Midwest,76.4,8566.0,22.0,19.0,68.0,21.0,7.3,7.0
Michigan,Shiawassee,Midwest,76.0,8145.0,17.0,15.0,66.0,16.0,4.3,6.0
Michigan,Tuscola,Midwest,75.3,9016.0,20.0,16.0,56.0,19.0,5.0,6.0
Michigan,Van Buren,Midwest,75.5,9267.0,18.0,15.0,57.0,20.0,4.7,7.0
Michigan,Washtenaw,Midwest,80.5,5792.0,14.0,13.0,86.0,13.0,3.3,4.0
Michigan,Wayne,Midwest,72.9,12684.0,29.0,15.0,62.0,20.0,4.4,6.0
Michigan,Wexford,Midwest,74.9,10389.0,19.0,16.0,56.0,18.0,4.8,7.0
Minnesota,Aitkin,Midwest,77.9,8648.0,16.0,13.0,63.0,16.0,4.8,7.0
Minnesota,Anoka,Midwest,79.9,6214.0,8.0,7.0,72.0,12.0,2.8,5.0
Minnesota,Becker,Midwest,77.9,7442.0,15.0,11.0,69.0,14.0,3.0,7.0
Minnesota,Beltrami,Midwest,74.1,12759.0,20.0,13.0,69.0,17.0,3.5,8.0
Minnesota,Benton,Midwest,77.3,6370.0,14.0,10.0,71.0,13.0,3.6,5.0
Minnesota,Big Stone,Midwest,77.5,8304.0,15.0,11.0,71.0,16.0,3.4,6.0
Minnesota,Blue Earth,Midwest,79.7,5843.0,11.0,11.0,74.0,18.0,2.3,5.0
Minnesota,Brown,Midwest,80.2,4833.0,7.0,9.0,70.0,16.0,2.9,5.0
Minnesota,Carlton,Midwest,76.3,7923.0,8.0,12.0,69.0,14.0,3.7,5.0
Minnesota,Carver,Midwest,82.3,3990.0,4.0,6.0,84.0,11.0,2.4,3.0
Minnesota,Cass,Midwest,74.6,12951.0,21.0,12.0,66.0,16.0,4.4,8.0
Minnesota,Chippewa,Midwest,76.6,8322.0,20.0,11.0,64.0,14.0,2.8,7.0
Minnesota,Chisago,Midwest,79.4,5872.0,6.0,8.0,65.0,13.0,3.3,5.0
Minnesota,Clay,Midwest,78.0,7319.0,13.0,11.0,79.0,14.0,2.1,5.0
Minnesota,Clearwater,Midwest,75.9,9847.0,18.0,13.0,55.0,16.0,6.0,9.0
Minnesota,Cook,Midwest,83.0,,16.0,10.0,74.0,12.0,3.6,7.0
Minnesota,Cottonwood,Midwest,78.3,6976.0,14.0,11.0,61.0,17.0,4.6,7.0
Minnesota,Crow Wing,Midwest,78.7,7321.0,11.0,11.0,71.0,14.0,3.4,6.0
Minnesota,Dakota,Midwest,80.9,5146.0,6.0,7.0,78.0,12.0,2.6,4.0
Minnesota,Dodge,Midwest,81.2,5217.0,8.0,7.0,73.0,12.0,2.8,4.0
Minnesota,Douglas,Midwest,79.4,6113.0,9.0,9.0,76.0,15.0,2.6,5.0
Minnesota,Faribault,Midwest,78.5,7137.0,13.0,11.0,65.0,14.0,3.1,7.0
Minnesota,Fillmore,Midwest,79.6,6032.0,12.0,9.0,71.0,15.0,2.8,8.0
Minnesota,Freeborn,Midwest,78.1,7899.0,13.0,10.0,60.0,18.0,2.7,8.0
Minnesota,Goodhue,Midwest,78.7,6296.0,7.0,9.0,68.0,13.0,2.6,5.0
Minnesota,Grant,Midwest,77.0,9076.0,12.0,10.0,71.0,16.0,3.2,6.0
Minnesota,Hennepin,Midwest,79.5,6600.0,11.0,9.0,82.0,13.0,2.6,5.0
Minnesota,Houston,Midwest,79.6,6148.0,7.0,8.0,78.0,15.0,2.5,4.0
Minnesota,Hubbard,Midwest,80.1,6268.0,14.0,11.0,67.0,14.0,4.3,8.0
Minnesota,Isanti,Midwest,78.5,6605.0,8.0,10.0,62.0,14.0,3.8,6.0
Minnesota,Itasca,Midwest,76.5,9838.0,16.0,12.0,68.0,14.0,4.6,6.0
Minnesota,Jackson,Midwest,79.7,7473.0,10.0,10.0,72.0,13.0,2.9,6.0
Minnesota,Kanabec,Midwest,77.4,7424.0,13.0,11.0,59.0,16.0,5.0,7.0
Minnesota,Kandiyohi,Midwest,79.8,6132.0,15.0,10.0,67.0,15.0,2.9,6.0
Minnesota,Kittson,Midwest,75.8,,12.0,10.0,79.0,15.0,3.0,5.0
Minnesota,Koochiching,Midwest,76.9,8809.0,15.0,12.0,72.0,16.0,4.3,6.0
Minnesota,Lac qui Parle,Midwest,79.4,6964.0,10.0,10.0,73.0,15.0,2.8,5.0
Minnesota,Lake,Midwest,79.6,4750.0,11.0,11.0,73.0,14.0,3.9,6.0
Minnesota,Lake of the Woods,Midwest,78.9,,15.0,10.0,70.0,15.0,3.5,5.0
Minnesota,Le Sueur,Midwest,79.8,6478.0,7.0,9.0,67.0,17.0,3.9,5.0
Minnesota,Lincoln,Midwest,79.9,6358.0,9.0,10.0,75.0,16.0,3.0,6.0
Minnesota,Lyon,Midwest,79.1,6490.0,11.0,11.0,78.0,14.0,2.5,5.0
Minnesota,McLeod,Midwest,79.0,5843.0,9.0,9.0,66.0,14.0,3.2,5.0
Minnesota,Mahnomen,Midwest,68.5,19800.0,27.0,16.0,55.0,25.0,4.7,8.0
Minnesota,Marshall,Midwest,81.4,5947.0,10.0,9.0,63.0,15.0,4.2,7.0
Minnesota,Martin,Midwest,79.2,6227.0,15.0,12.0,66.0,15.0,2.8,6.0
Minnesota,Meeker,Midwest,79.8,5812.0,8.0,9.0,66.0,14.0,3.1,6.0
Minnesota,Mille Lacs,Midwest,73.9,11137.0,13.0,12.0,59.0,17.0,5.1,7.0
Minnesota,Morrison,Midwest,78.3,7367.0,11.0,11.0,64.0,14.0,4.4,5.0
Minnesota,Mower,Midwest,78.8,6955.0,17.0,10.0,56.0,17.0,2.6,7.0
Minnesota,Murray,Midwest,82.9,5092.0,11.0,9.0,69.0,16.0,3.9,7.0
Minnesota,Nicollet,Midwest,80.9,5160.0,8.0,10.0,75.0,14.0,2.2,5.0
Minnesota,Nobles,Midwest,79.8,6329.0,13.0,11.0,48.0,20.0,2.7,11.0
Minnesota,Norman,Midwest,77.5,7593.0,14.0,10.0,63.0,15.0,3.5,7.0
Minnesota,Olmsted,Midwest,81.0,5665.0,9.0,8.0,79.0,12.0,2.1,4.0
Minnesota,Otter Tail,Midwest,78.9,6919.0,12.0,10.0,71.0,17.0,3.3,7.0
Minnesota,Pennington,Midwest,78.3,7574.0,11.0,11.0,71.0,13.0,3.3,3.0
Minnesota,Pine,Midwest,76.9,8534.0,14.0,12.0,54.0,15.0,4.9,7.0
Minnesota,Pipestone,Midwest,77.3,7687.0,12.0,11.0,65.0,15.0,2.8,7.0
Minnesota,Polk,Midwest,76.9,7266.0,12.0,11.0,74.0,14.0,2.9,6.0
Minnesota,Pope,Midwest,78.1,8689.0,9.0,10.0,76.0,15.0,2.8,4.0
Minnesota,Ramsey,Midwest,77.6,7827.0,15.0,11.0,75.0,17.0,2.7,7.0
Minnesota,Red Lake,Midwest,81.1,,11.0,10.0,73.0,16.0,3.9,5.0
Minnesota,Redwood,Midwest,79.1,6747.0,14.0,10.0,66.0,15.0,2.9,7.0
Minnesota,Renville,Midwest,77.8,7904.0,13.0,10.0,63.0,17.0,3.7,8.0
Minnesota,Rice,Midwest,79.9,5294.0,11.0,9.0,60.0,14.0,2.6,6.0
Minnesota,Rock,Midwest,78.1,6748.0,10.0,9.0,72.0,15.0,1.8,5.0
Minnesota,Roseau,Midwest,77.0,8531.0,10.0,10.0,63.0,13.0,2.8,5.0
Minnesota,St. Louis,Midwest,76.8,8681.0,12.0,12.0,77.0,15.0,3.2,6.0
Minnesota,Scott,Midwest,81.1,4774.0,6.0,6.0,79.0,14.0,2.5,4.0
Minnesota,Sherburne,Midwest,79.4,4934.0,6.0,7.0,71.0,13.0,3.2,5.0
Minnesota,Sibley,Midwest,80.4,6589.0,10.0,10.0,66.0,15.0,3.3,6.0
Minnesota,Stearns,Midwest,80.0,6211.0,12.0,10.0,71.0,16.0,2.8,5.0
Minnesota,Steele,Midwest,80.0,6151.0,10.0,9.0,69.0,13.0,3.0,5.0
Minnesota,Stevens,Midwest,82.9,3965.0,8.0,10.0,74.0,15.0,2.4,5.0
Minnesota,Swift,Midwest,79.0,7978.0,13.0,11.0,68.0,16.0,3.1,9.0
Minnesota,Todd,Midwest,80.9,7078.0,14.0,11.0,48.0,17.0,3.6,8.0
Minnesota,Traverse,Midwest,76.3,,18.0,10.0,62.0,15.0,3.0,6.0
Minnesota,Wabasha,Midwest,80.8,6282.0,8.0,9.0,70.0,13.0,2.7,5.0
Minnesota,Wadena,Midwest,77.1,6254.0,15.0,12.0,66.0,17.0,4.7,6.0
Minnesota,Waseca,Midwest,79.3,5508.0,10.0,9.0,64.0,14.0,3.9,6.0
Minnesota,Washington,Midwest,81.3,4820.0,5.0,7.0,82.0,9.0,2.4,4.0
Minnesota,Watonwan,Midwest,79.0,6012.0,12.0,11.0,59.0,18.0,2.9,10.0
Minnesota,Wilkin,Midwest,75.6,9030.0,11.0,11.0,70.0,15.0,2.5,4.0
Minnesota,Winona,Midwest,80.2,5475.0,11.0,10.0,72.0,15.0,2.3,6.0
Minnesota,Wright,Midwest,80.0,5106.0,5.0,7.0,76.0,13.0,2.9,4.0
Minnesota,Yellow Medicine,Midwest,78.7,8670.0,11.0,10.0,63.0,15.0,3.0,7.0
Mississippi,Adams,South,71.0,14568.0,32.0,20.0,52.0,27.0,4.4,15.0
Mississippi,Alcorn,South,72.1,12635.0,23.0,21.0,51.0,22.0,3.0,14.0
Mississippi,Amite,South,72.1,15674.0,29.0,22.0,52.0,27.0,4.0,15.0
Mississippi,Attala,South,71.0,13490.0,28.0,19.0,57.0,25.0,3.6,14.0
Mississippi,Benton,South,70.7,15037.0,30.0,19.0,65.0,23.0,3.7,18.0
Mississippi,Bolivar,South,67.0,19769.0,45.0,21.0,64.0,25.0,3.6,14.0
Mississippi,Calhoun,South,70.5,15132.0,26.0,20.0,56.0,28.0,3.4,17.0
Mississippi,Carroll,South,72.0,15020.0,24.0,20.0,56.0,29.0,3.9,15.0
Mississippi,Chickasaw,South,71.0,14343.0,26.0,21.0,52.0,28.0,4.2,14.0
Mississippi,Choctaw,South,73.8,11827.0,27.0,20.0,64.0,22.0,2.7,13.0
Mississippi,Claiborne,South,68.6,18809.0,42.0,19.0,53.0,28.0,7.3,12.0
Mississippi,Clarke,South,71.6,14176.0,27.0,20.0,67.0,23.0,3.6,13.0
Mississippi,Clay,South,72.5,12574.0,31.0,16.0,57.0,28.0,3.3,12.0
Mississippi,Coahoma,South,65.3,22826.0,43.0,22.0,58.0,33.0,4.9,14.0
Mississippi,Copiah,South,70.7,15985.0,31.0,18.0,62.0,24.0,3.5,13.0
Mississippi,Covington,South,68.9,15927.0,30.0,19.0,65.0,24.0,2.7,13.0
Mississippi,DeSoto,South,73.9,10785.0,12.0,13.0,67.0,19.0,2.8,11.0
Mississippi,Forrest,South,71.4,13611.0,21.0,20.0,69.0,22.0,3.0,12.0
Mississippi,Franklin,South,71.5,13144.0,25.0,22.0,63.0,25.0,4.3,14.0
Mississippi,George,South,70.4,13728.0,19.0,22.0,55.0,22.0,3.9,14.0
Mississippi,Greene,South,74.7,9854.0,25.0,21.0,41.0,22.0,4.1,12.0
Mississippi,Grenada,South,69.2,16291.0,29.0,19.0,65.0,28.0,3.5,14.0
Mississippi,Hancock,South,74.3,11583.0,20.0,18.0,57.0,22.0,3.3,12.0
Mississippi,Harrison,South,73.0,11925.0,20.0,19.0,64.0,21.0,2.9,14.0
Mississippi,Hinds,South,70.8,16086.0,30.0,16.0,68.0,27.0,3.1,13.0
Mississippi,Holmes,South,65.7,22286.0,46.0,25.0,50.0,34.0,5.7,14.0
Mississippi,Humphreys,South,66.6,21431.0,47.0,23.0,51.0,36.0,6.6,15.0
Mississippi,Itawamba,South,72.9,10759.0,17.0,16.0,60.0,22.0,2.9,13.0
Mississippi,Jackson,South,73.5,11607.0,18.0,19.0,70.0,19.0,3.3,13.0
Mississippi,Jasper,South,69.6,16605.0,28.0,17.0,55.0,25.0,3.7,12.0
Mississippi,Jefferson,South,71.9,16287.0,40.0,23.0,40.0,31.0,11.9,15.0
Mississippi,Jefferson Davis,South,70.9,17892.0,38.0,18.0,62.0,26.0,4.0,14.0
Mississippi,Jones,South,71.5,13749.0,25.0,19.0,55.0,21.0,3.2,13.0
Mississippi,Kemper,South,75.7,10438.0,36.0,19.0,63.0,24.0,4.6,13.0
Mississippi,Lafayette,South,76.0,8273.0,15.0,16.0,75.0,19.0,2.5,14.0
Mississippi,Lamar,South,77.2,8657.0,15.0,17.0,66.0,19.0,2.5,13.0
Mississippi,Lauderdale,South,71.3,14389.0,33.0,20.0,62.0,25.0,3.2,13.0
Mississippi,Lawrence,South,70.3,14242.0,26.0,21.0,48.0,27.0,3.8,13.0
Mississippi,Leake,South,71.2,14204.0,30.0,20.0,50.0,27.0,3.2,16.0
Mississippi,Lee,South,72.1,12357.0,18.0,16.0,67.0,22.0,2.8,13.0
Mississippi,Leflore,South,65.6,21369.0,39.0,21.0,60.0,35.0,4.9,12.0
Mississippi,Lincoln,South,71.7,13025.0,24.0,19.0,61.0,23.0,3.1,14.0
Mississippi,Lowndes,South,72.5,13170.0,27.0,17.0,62.0,21.0,3.3,11.0
Mississippi,Madison,South,75.5,8220.0,13.0,13.0,76.0,16.0,2.5,10.0
Mississippi,Marion,South,68.9,17140.0,27.0,20.0,49.0,26.0,3.2,14.0
Mississippi,Marshall,South,69.7,16967.0,31.0,18.0,52.0,26.0,3.6,14.0
Mississippi,Monroe,South,71.8,13062.0,24.0,17.0,48.0,24.0,3.8,14.0
Mississippi,Montgomery,South,68.8,17472.0,33.0,20.0,56.0,30.0,3.5,16.0
Mississippi,Neshoba,South,66.5,20815.0,28.0,22.0,54.0,28.0,3.5,15.0
Mississippi,Newton,South,69.9,15917.0,24.0,20.0,61.0,26.0,3.6,13.0
Mississippi,Noxubee,South,71.3,13965.0,37.0,19.0,43.0,29.0,4.7,16.0
Mississippi,Oktibbeha,South,75.2,9967.0,25.0,18.0,75.0,23.0,3.3,13.0
Mississippi,Panola,South,70.5,14531.0,36.0,18.0,53.0,28.0,3.9,14.0
Mississippi,Pearl River,South,70.7,14930.0,23.0,19.0,60.0,21.0,3.0,15.0
Mississippi,Perry,South,70.4,15413.0,28.0,23.0,48.0,27.0,3.8,13.0
Mississippi,Pike,South,69.7,15463.0,34.0,22.0,55.0,29.0,4.0,15.0
Mississippi,Pontotoc,South,72.7,11381.0,19.0,19.0,60.0,21.0,2.7,15.0
Mississippi,Prentiss,South,72.0,13055.0,24.0,19.0,61.0,23.0,2.8,13.0
Mississippi,Quitman,South,66.9,18894.0,46.0,21.0,56.0,32.0,4.8,15.0
Mississippi,Rankin,South,76.9,8369.0,11.0,14.0,71.0,19.0,2.3,11.0
Mississippi,Scott,South,70.7,14974.0,28.0,19.0,50.0,28.0,2.6,15.0
Mississippi,Sharkey,South,66.7,21606.0,52.0,21.0,27.0,35.0,6.2,14.0
Mississippi,Simpson,South,70.6,15238.0,28.0,18.0,57.0,24.0,3.0,14.0
Mississippi,Smith,South,72.8,13495.0,24.0,18.0,49.0,25.0,2.8,14.0
Mississippi,Stone,South,71.5,13553.0,22.0,21.0,55.0,23.0,3.4,15.0
Mississippi,Sunflower,South,67.2,18895.0,40.0,20.0,48.0,30.0,4.6,13.0
Mississippi,Tallahatchie,South,71.0,13696.0,40.0,19.0,53.0,29.0,3.3,14.0
Mississippi,Tate,South,70.8,14233.0,20.0,17.0,62.0,23.0,3.3,13.0
Mississippi,Tippah,South,71.5,13004.0,26.0,20.0,57.0,24.0,2.8,17.0
Mississippi,Tishomingo,South,69.7,14574.0,18.0,21.0,60.0,21.0,3.2,17.0
Mississippi,Tunica,South,66.6,21013.0,42.0,19.0,38.0,34.0,3.5,12.0
Mississippi,Union,South,73.4,11353.0,20.0,17.0,51.0,21.0,2.3,13.0
Mississippi,Walthall,South,70.2,16710.0,31.0,19.0,56.0,25.0,4.1,16.0
Mississippi,Warren,South,70.9,14893.0,32.0,17.0,63.0,22.0,3.4,12.0
Mississippi,Washington,South,66.9,20282.0,47.0,22.0,49.0,27.0,4.9,14.0
Mississippi,Wayne,South,70.9,15308.0,31.0,19.0,55.0,25.0,3.6,16.0
Mississippi,Webster,South,69.0,16006.0,23.0,19.0,60.0,22.0,3.1,14.0
Mississippi,Wilkinson,South,68.6,18459.0,37.0,19.0,46.0,29.0,5.5,13.0
Mississippi,Winston,South,72.3,13717.0,42.0,21.0,51.0,27.0,3.4,14.0
Mississippi,Yalobusha,South,69.7,16349.0,28.0,19.0,42.0,26.0,3.5,12.0
Mississippi,Yazoo,South,70.3,14590.0,34.0,22.0,36.0,30.0,3.4,13.0
Missouri,Adair,Midwest,75.9,8934.0,17.0,16.0,63.0,21.0,3.6,11.0
Missouri,Andrew,Midwest,78.5,6538.0,10.0,12.0,62.0,17.0,2.6,9.0
Missouri,Atchison,Midwest,73.9,11027.0,15.0,15.0,53.0,19.0,2.7,13.0
Missouri,Audrain,Midwest,73.9,10223.0,19.0,17.0,52.0,24.0,3.3,14.0
Missouri,Barry,Midwest,74.5,10328.0,20.0,17.0,44.0,22.0,3.5,14.0
Missouri,Barton,Midwest,75.4,9572.0,22.0,20.0,54.0,24.0,3.0,14.0
Missouri,Bates,Midwest,74.7,9360.0,16.0,18.0,46.0,19.0,3.2,13.0
Missouri,Benton,Midwest,73.7,12298.0,24.0,18.0,50.0,22.0,4.3,15.0
Missouri,Bollinger,Midwest,73.3,11737.0,21.0,17.0,42.0,24.0,3.0,14.0
Missouri,Boone,Midwest,78.2,7519.0,12.0,14.0,79.0,15.0,2.5,8.0
Missouri,Buchanan,Midwest,73.4,11767.0,19.0,17.0,52.0,20.0,2.9,12.0
Missouri,Butler,Midwest,70.1,15691.0,25.0,20.0,53.0,23.0,4.4,14.0
Missouri,Caldwell,Midwest,74.8,9712.0,15.0,16.0,57.0,20.0,3.1,13.0
Missouri,Callaway,Midwest,76.0,8702.0,16.0,13.0,59.0,20.0,2.8,10.0
Missouri,Camden,Midwest,76.8,9231.0,17.0,16.0,58.0,19.0,3.8,14.0
Missouri,Cape Girardeau,Midwest,75.8,8898.0,14.0,14.0,70.0,19.0,2.7,10.0
Missouri,Carroll,Midwest,74.9,10116.0,17.0,14.0,49.0,19.0,2.8,12.0
Missouri,Carter,Midwest,71.5,13800.0,30.0,21.0,49.0,23.0,4.4,13.0
Missouri,Cass,Midwest,77.0,7908.0,9.0,12.0,64.0,15.0,3.0,9.0
Missouri,Cedar,Midwest,74.7,11058.0,21.0,19.0,61.0,24.0,3.5,15.0
Missouri,Chariton,Midwest,75.6,8992.0,13.0,15.0,59.0,17.0,2.7,11.0
Missouri,Christian,Midwest,77.2,7781.0,9.0,13.0,73.0,18.0,2.5,11.0
Missouri,Clark,Midwest,77.2,6741.0,21.0,14.0,52.0,23.0,3.8,13.0
Missouri,Clay,Midwest,78.0,7073.0,9.0,12.0,73.0,16.0,2.7,8.0
Missouri,Clinton,Midwest,75.5,8620.0,11.0,14.0,55.0,18.0,3.0,10.0
Missouri,Cole,Midwest,77.1,8216.0,11.0,12.0,66.0,16.0,2.5,9.0
Missouri,Cooper,Midwest,77.3,7519.0,13.0,15.0,53.0,19.0,3.0,10.0
Missouri,Crawford,Midwest,70.8,15077.0,21.0,17.0,50.0,24.0,3.4,15.0
Missouri,Dade,Midwest,73.1,11986.0,21.0,16.0,57.0,23.0,3.0,14.0
Missouri,Dallas,Midwest,72.3,11843.0,22.0,18.0,41.0,21.0,3.1,15.0
Missouri,Daviess,Midwest,75.9,9095.0,18.0,15.0,47.0,23.0,2.8,16.0
Missouri,DeKalb,Midwest,75.7,9696.0,12.0,14.0,38.0,19.0,2.9,10.0
Missouri,Dent,Midwest,71.1,14446.0,23.0,18.0,57.0,22.0,3.5,14.0
Missouri,Douglas,Midwest,73.0,12385.0,24.0,19.0,59.0,21.0,3.3,12.0
Missouri,Dunklin,Midwest,68.9,16343.0,29.0,20.0,41.0,24.0,5.0,13.0
Missouri,Franklin,Midwest,74.9,10165.0,11.0,13.0,64.0,17.0,2.8,10.0
Missouri,Gasconade,Midwest,72.3,13353.0,14.0,15.0,62.0,17.0,2.7,13.0
Missouri,Gentry,Midwest,74.5,9053.0,20.0,16.0,42.0,21.0,2.6,15.0
Missouri,Greene,Midwest,75.0,10397.0,16.0,16.0,69.0,16.0,2.6,11.0
Missouri,Grundy,Midwest,74.1,11089.0,21.0,17.0,51.0,21.0,3.1,15.0
Missouri,Harrison,Midwest,77.1,7831.0,21.0,17.0,57.0,20.0,3.0,11.0
Missouri,Henry,Midwest,74.3,9884.0,22.0,17.0,51.0,19.0,3.1,12.0
Missouri,Hickory,Midwest,73.1,13208.0,28.0,19.0,50.0,25.0,3.6,13.0
Missouri,Holt,Midwest,78.2,,15.0,14.0,55.0,21.0,2.4,11.0
Missouri,Howard,Midwest,76.1,9547.0,14.0,14.0,59.0,20.0,3.1,11.0
Missouri,Howell,Midwest,72.6,11728.0,20.0,20.0,52.0,24.0,3.7,13.0
Missouri,Iron,Midwest,69.4,16913.0,26.0,20.0,57.0,20.0,4.9,13.0
Missouri,Jackson,Midwest,74.8,11090.0,15.0,14.0,68.0,18.0,3.4,11.0
Missouri,Jasper,Midwest,73.8,10590.0,18.0,17.0,58.0,20.0,3.0,14.0
Missouri,Jefferson,Midwest,75.0,9680.0,11.0,13.0,69.0,18.0,2.8,9.0
Missouri,Johnson,Midwest,75.5,8478.0,13.0,14.0,65.0,18.0,3.3,10.0
Missouri,Knox,Midwest,75.7,10173.0,26.0,15.0,60.0,25.0,3.2,17.0
Missouri,Laclede,Midwest,72.3,12371.0,20.0,17.0,51.0,22.0,3.2,12.0
Missouri,Lafayette,Midwest,74.9,9690.0,14.0,14.0,60.0,19.0,2.9,12.0
Missouri,Lawrence,Midwest,73.6,10632.0,20.0,16.0,50.0,19.0,3.1,15.0
Missouri,Lewis,Midwest,75.4,9061.0,19.0,16.0,53.0,23.0,2.9,13.0
Missouri,Lincoln,Midwest,75.7,9036.0,10.0,14.0,58.0,17.0,3.1,10.0
Missouri,Linn,Midwest,75.0,8940.0,21.0,16.0,49.0,22.0,3.8,11.0
Missouri,Livingston,Midwest,76.1,8155.0,18.0,14.0,46.0,18.0,2.4,13.0
Missouri,McDonald,Midwest,72.2,12425.0,24.0,16.0,44.0,25.0,3.3,18.0
Missouri,Macon,Midwest,75.9,7968.0,17.0,14.0,58.0,19.0,3.3,11.0
Missouri,Madison,Midwest,72.3,11891.0,21.0,16.0,46.0,20.0,3.7,11.0
Missouri,Maries,Midwest,74.3,9587.0,16.0,18.0,52.0,22.0,3.2,13.0
Missouri,Marion,Midwest,73.9,11135.0,15.0,15.0,56.0,19.0,3.1,10.0
Missouri,Mercer,Midwest,75.8,8538.0,19.0,16.0,50.0,20.0,2.8,15.0
Missouri,Miller,Midwest,74.9,9750.0,18.0,17.0,59.0,20.0,3.1,13.0
Missouri,Mississippi,Midwest,70.0,14665.0,28.0,20.0,34.0,29.0,3.8,15.0
Missouri,Moniteau,Midwest,74.8,9508.0,14.0,14.0,50.0,20.0,2.6,18.0
Missouri,Monroe,Midwest,76.1,9787.0,15.0,16.0,49.0,21.0,3.2,13.0
Missouri,Montgomery,Midwest,73.7,10165.0,20.0,16.0,55.0,21.0,3.0,12.0
Missouri,Morgan,Midwest,73.8,11279.0,20.0,19.0,38.0,22.0,3.7,21.0
Missouri,New Madrid,Midwest,69.0,15902.0,26.0,18.0,43.0,24.0,3.7,13.0
Missouri,Newton,Midwest,74.3,10428.0,17.0,15.0,58.0,17.0,3.0,13.0
Missouri,Nodaway,Midwest,80.2,5076.0,13.0,15.0,63.0,20.0,2.8,10.0
Missouri,Oregon,Midwest,71.1,13165.0,28.0,21.0,46.0,24.0,3.5,14.0
Missouri,Osage,Midwest,77.9,6222.0,12.0,12.0,64.0,17.0,2.4,9.0
Missouri,Ozark,Midwest,74.1,10705.0,31.0,21.0,42.0,28.0,4.7,16.0
Missouri,Pemiscot,Midwest,65.6,22326.0,36.0,22.0,42.0,27.0,4.9,12.0
Missouri,Perry,Midwest,76.4,8592.0,13.0,14.0,59.0,19.0,2.5,11.0
Missouri,Pettis,Midwest,74.7,10079.0,16.0,16.0,57.0,20.0,3.1,14.0
Missouri,Phelps,Midwest,73.1,12369.0,17.0,17.0,59.0,20.0,3.1,12.0
Missouri,Pike,Midwest,75.5,8951.0,19.0,16.0,36.0,21.0,3.2,13.0
Missouri,Platte,Midwest,79.1,6420.0,6.0,12.0,80.0,15.0,2.6,7.0
Missouri,Polk,Midwest,74.6,10395.0,18.0,17.0,58.0,23.0,3.1,13.0
Missouri,Pulaski,Midwest,73.7,10133.0,12.0,16.0,67.0,18.0,3.6,10.0
Missouri,Putnam,Midwest,73.4,11661.0,21.0,14.0,66.0,17.0,3.1,11.0
Missouri,Ralls,Midwest,75.5,10269.0,15.0,14.0,54.0,18.0,2.8,10.0
Missouri,Randolph,Midwest,73.7,10097.0,18.0,17.0,46.0,21.0,3.5,11.0
Missouri,Ray,Midwest,73.1,11052.0,13.0,14.0,52.0,19.0,3.3,12.0
Missouri,Reynolds,Midwest,74.0,11359.0,30.0,20.0,57.0,24.0,3.4,15.0
Missouri,Ripley,Midwest,68.4,17869.0,28.0,20.0,52.0,25.0,4.1,14.0
Missouri,St. Charles,Midwest,79.1,6250.0,6.0,10.0,80.0,14.0,2.5,6.0
Missouri,St. Clair,Midwest,75.0,10753.0,28.0,18.0,43.0,22.0,3.8,12.0
Missouri,Ste. Genevieve,Midwest,76.5,8845.0,12.0,14.0,60.0,20.0,2.8,10.0
Missouri,St. Francois,Midwest,71.9,12667.0,16.0,18.0,55.0,20.0,3.9,14.0
Missouri,St. Louis,Midwest,76.3,9307.0,13.0,12.0,78.0,17.0,3.0,7.0
Missouri,Saline,Midwest,74.8,9576.0,22.0,15.0,62.0,19.0,3.0,11.0
Missouri,Schuyler,Midwest,73.7,11699.0,23.0,16.0,39.0,17.0,3.9,14.0
Missouri,Scotland,Midwest,76.5,7754.0,16.0,13.0,38.0,22.0,2.4,23.0
Missouri,Scott,Midwest,72.6,12350.0,22.0,16.0,53.0,21.0,3.0,13.0
Missouri,Shannon,Midwest,71.7,13466.0,33.0,17.0,53.0,24.0,4.6,13.0
Missouri,Shelby,Midwest,75.7,8507.0,19.0,16.0,56.0,22.0,2.7,13.0
Missouri,Stoddard,Midwest,73.5,10922.0,18.0,18.0,48.0,23.0,3.9,14.0
Missouri,Stone,Midwest,76.0,11533.0,20.0,16.0,56.0,19.0,4.6,14.0
Missouri,Sullivan,Midwest,74.7,11132.0,19.0,15.0,39.0,24.0,3.3,12.0
Missouri,Taney,Midwest,74.9,11525.0,19.0,18.0,60.0,21.0,4.9,14.0
Missouri,Texas,Midwest,72.6,13044.0,26.0,19.0,52.0,22.0,3.8,14.0
Missouri,Vernon,Midwest,72.6,12580.0,21.0,18.0,56.0,21.0,3.5,12.0
Missouri,Warren,Midwest,75.6,9825.0,11.0,13.0,58.0,19.0,2.9,11.0
Missouri,Washington,Midwest,69.7,15931.0,25.0,19.0,40.0,23.0,3.8,14.0
Missouri,Wayne,Midwest,71.2,13953.0,32.0,23.0,46.0,21.0,4.5,14.0
Missouri,Webster,Midwest,74.7,9243.0,20.0,15.0,55.0,19.0,2.7,13.0
Missouri,Worth,Midwest,75.1,,21.0,17.0,44.0,19.0,2.5,13.0
Missouri,Wright,Midwest,72.9,12150.0,25.0,18.0,46.0,22.0,3.5,15.0
Missouri,St. Louis City,Midwest,71.5,15768.0,27.0,16.0,75.0,21.0,3.7,10.0
Montana,Beaverhead,West,79.1,5101.0,16.0,11.0,79.0,16.0,2.4,12.0
Montana,Big Horn,West,64.6,25709.0,24.0,17.0,59.0,25.0,4.4,12.0
Montana,Blaine,West,70.0,18542.0,22.0,16.0,65.0,22.0,3.6,13.0
Montana,Broadwater,West,80.2,6145.0,11.0,11.0,69.0,17.0,3.5,12.0
Montana,Carbon,West,80.4,7238.0,12.0,11.0,59.0,15.0,2.8,10.0
Montana,Cascade,West,75.5,9758.0,13.0,12.0,66.0,16.0,2.9,11.0
Montana,Chouteau,West,75.9,10967.0,19.0,12.0,55.0,18.0,3.2,14.0
Montana,Custer,West,76.2,9363.0,13.0,13.0,64.0,16.0,2.8,12.0
Montana,Dawson,West,75.3,9909.0,14.0,10.0,75.0,16.0,2.6,8.0
Montana,Deer Lodge,West,75.2,11358.0,14.0,18.0,55.0,17.0,2.8,11.0
Montana,Fallon,West,76.8,,13.0,11.0,63.0,15.0,1.7,9.0
Montana,Fergus,West,76.7,8198.0,14.0,13.0,71.0,15.0,3.1,11.0
Montana,Flathead,West,77.4,7948.0,10.0,10.0,69.0,17.0,3.5,12.0
Montana,Gallatin,West,82.0,4276.0,6.0,9.0,80.0,13.0,2.1,8.0
Montana,Glacier,West,66.9,21840.0,30.0,19.0,57.0,32.0,5.4,13.0
Montana,Granite,West,79.9,,17.0,13.0,67.0,17.0,4.1,14.0
Montana,Hill,West,72.9,12044.0,22.0,13.0,52.0,19.0,2.5,13.0
Montana,Jefferson,West,76.3,7802.0,10.0,9.0,72.0,14.0,2.9,10.0
Montana,Judith Basin,West,82.0,,19.0,13.0,72.0,15.0,2.8,11.0
Montana,Lake,West,75.8,11703.0,18.0,14.0,59.0,19.0,3.6,16.0
Montana,Lewis and Clark,West,78.3,6948.0,10.0,10.0,73.0,12.0,2.6,10.0
Montana,Liberty,West,84.7,,21.0,17.0,53.0,25.0,2.5,17.0
Montana,Lincoln,West,76.3,9743.0,23.0,16.0,51.0,20.0,5.2,15.0
Montana,McCone,West,83.5,,19.0,7.0,66.0,14.0,2.0,11.0
Montana,Madison,West,80.3,5982.0,12.0,9.0,70.0,14.0,3.0,13.0
Montana,Meagher,West,80.8,,18.0,11.0,62.0,14.0,2.6,15.0
Montana,Mineral,West,77.4,9860.0,18.0,14.0,59.0,17.0,4.9,12.0
Montana,Missoula,West,78.6,6796.0,9.0,11.0,78.0,14.0,2.9,9.0
Montana,Musselshell,West,76.1,9831.0,23.0,12.0,60.0,18.0,3.1,12.0
Montana,Park,West,78.1,8307.0,13.0,11.0,73.0,14.0,2.9,10.0
Montana,Phillips,West,75.0,,22.0,10.0,68.0,16.0,4.2,11.0
Montana,Pondera,West,76.6,9386.0,22.0,15.0,58.0,18.0,2.9,14.0
Montana,Powder River,West,77.5,,17.0,12.0,71.0,19.0,2.5,14.0
Montana,Powell,West,75.8,9728.0,17.0,11.0,42.0,19.0,3.0,13.0
Montana,Ravalli,West,78.9,6195.0,14.0,11.0,62.0,13.0,3.1,12.0
Montana,Richland,West,76.2,8321.0,12.0,10.0,63.0,15.0,2.6,10.0
Montana,Roosevelt,West,60.4,32695.0,26.0,19.0,51.0,28.0,3.8,13.0
Montana,Rosebud,West,65.9,24380.0,24.0,16.0,58.0,24.0,3.4,11.0
Montana,Sanders,West,75.0,12207.0,20.0,15.0,58.0,17.0,4.8,17.0
Montana,Sheridan,West,76.6,,15.0,11.0,66.0,14.0,2.3,12.0
Montana,Silver Bow,West,74.1,10493.0,16.0,14.0,63.0,16.0,3.4,10.0
Montana,Stillwater,West,77.5,8534.0,9.0,10.0,58.0,12.0,2.4,9.0
Montana,Sweet Grass,West,80.3,,11.0,9.0,69.0,13.0,2.3,10.0
Montana,Teton,West,77.7,7922.0,18.0,12.0,67.0,16.0,2.9,12.0
Montana,Toole,West,74.3,10313.0,16.0,12.0,49.0,20.0,2.2,12.0
Montana,Valley,West,76.4,10375.0,21.0,12.0,71.0,16.0,2.5,13.0
Montana,Wheatland,West,75.3,,25.0,15.0,43.0,19.0,4.0,17.0
Montana,Yellowstone,West,75.9,9698.0,10.0,11.0,68.0,16.0,2.6,9.0
Nebraska,Adams,Midwest,76.8,7989.0,13.0,14.0,72.0,15.0,2.1,8.0
Nebraska,Antelope,Midwest,79.8,5812.0,12.0,14.0,79.0,14.0,1.9,8.0
Nebraska,Boone,Midwest,79.4,,11.0,12.0,77.0,15.0,1.7,6.0
Nebraska,Box Butte,Midwest,76.0,9210.0,15.0,14.0,61.0,15.0,2.2,11.0
Nebraska,Boyd,Midwest,75.4,,20.0,14.0,60.0,15.0,2.4,9.0
Nebraska,Brown,Midwest,75.6,,15.0,14.0,67.0,15.0,2.5,10.0
Nebraska,Buffalo,Midwest,79.9,5530.0,9.0,14.0,72.0,18.0,1.8,8.0
Nebraska,Burt,Midwest,75.4,12044.0,12.0,16.0,64.0,15.0,2.5,8.0
Nebraska,Butler,Midwest,79.1,5602.0,10.0,12.0,71.0,13.0,1.7,7.0
Nebraska,Cass,Midwest,78.1,7015.0,8.0,12.0,73.0,13.0,2.3,6.0
Nebraska,Cedar,Midwest,80.2,5345.0,9.0,11.0,80.0,14.0,1.8,7.0
Nebraska,Chase,Midwest,77.4,,12.0,13.0,61.0,18.0,1.7,11.0
Nebraska,Cherry,Midwest,77.2,9393.0,16.0,14.0,70.0,18.0,1.9,8.0
Nebraska,Cheyenne,Midwest,75.2,10905.0,16.0,15.0,67.0,15.0,2.4,8.0
Nebraska,Clay,Midwest,78.1,5142.0,10.0,13.0,67.0,16.0,2.4,9.0
Nebraska,Colfax,Midwest,82.0,4195.0,12.0,12.0,51.0,22.0,1.8,15.0
Nebraska,Cuming,Midwest,79.1,6611.0,10.0,12.0,73.0,15.0,1.9,11.0
Nebraska,Custer,Midwest,77.9,8243.0,13.0,14.0,65.0,16.0,1.7,7.0
Nebraska,Dakota,Midwest,76.5,7312.0,20.0,14.0,54.0,21.0,2.7,11.0
Nebraska,Dawes,Midwest,75.9,9706.0,17.0,14.0,83.0,15.0,2.0,8.0
Nebraska,Dawson,Midwest,77.4,7720.0,14.0,15.0,48.0,20.0,2.4,13.0
Nebraska,Deuel,Midwest,79.9,,19.0,13.0,62.0,14.0,2.6,7.0
Nebraska,Dixon,Midwest,78.9,5812.0,10.0,13.0,58.0,17.0,2.0,10.0
Nebraska,Dodge,Midwest,76.2,8617.0,11.0,14.0,58.0,16.0,2.2,9.0
Nebraska,Douglas,Midwest,77.7,7599.0,12.0,13.0,75.0,16.0,2.6,8.0
Nebraska,Fillmore,Midwest,79.1,,10.0,12.0,78.0,14.0,1.9,7.0
Nebraska,Franklin,Midwest,73.1,,17.0,16.0,70.0,16.0,2.1,7.0
Nebraska,Frontier,Midwest,79.6,,17.0,15.0,83.0,16.0,2.0,8.0
Nebraska,Furnas,Midwest,77.0,8966.0,16.0,15.0,66.0,17.0,1.9,8.0
Nebraska,Gage,Midwest,76.3,7954.0,12.0,16.0,66.0,17.0,2.6,7.0
Nebraska,Garden,Midwest,76.6,,23.0,14.0,68.0,20.0,2.0,8.0
Nebraska,Garfield,Midwest,77.1,,12.0,13.0,90.0,13.0,2.0,6.0
Nebraska,Gosper,Midwest,75.8,,13.0,11.0,64.0,15.0,2.2,9.0
Nebraska,Greeley,Midwest,81.2,,13.0,14.0,65.0,15.0,2.0,9.0
Nebraska,Hall,Midwest,77.2,7360.0,13.0,15.0,56.0,18.0,2.3,10.0
Nebraska,Hamilton,Midwest,78.9,6028.0,9.0,11.0,75.0,13.0,1.9,6.0
Nebraska,Harlan,Midwest,76.8,,12.0,13.0,76.0,14.0,1.9,9.0
Nebraska,Hitchcock,Midwest,75.6,,19.0,16.0,57.0,17.0,2.7,7.0
Nebraska,Holt,Midwest,78.9,6598.0,14.0,13.0,73.0,15.0,1.8,9.0
Nebraska,Howard,Midwest,79.7,5022.0,12.0,12.0,70.0,14.0,1.9,6.0
Nebraska,Jefferson,Midwest,76.6,7590.0,14.0,15.0,62.0,16.0,2.0,7.0
Nebraska,Johnson,Midwest,77.9,7995.0,13.0,13.0,50.0,15.0,3.1,7.0
Nebraska,Kearney,Midwest,79.6,6258.0,9.0,12.0,71.0,16.0,1.7,6.0
Nebraska,Keith,Midwest,77.1,9726.0,17.0,14.0,68.0,15.0,1.8,8.0
Nebraska,Kimball,Midwest,76.0,,15.0,15.0,60.0,19.0,2.0,12.0
Nebraska,Knox,Midwest,77.5,8014.0,18.0,15.0,71.0,17.0,2.2,9.0
Nebraska,Lancaster,Midwest,79.1,6252.0,9.0,13.0,76.0,14.0,2.1,7.0
Nebraska,Lincoln,Midwest,75.2,9594.0,15.0,15.0,68.0,19.0,2.2,7.0
Nebraska,Madison,Midwest,78.3,6586.0,11.0,14.0,69.0,17.0,2.0,9.0
Nebraska,Merrick,Midwest,77.4,8240.0,11.0,14.0,74.0,15.0,2.0,7.0
Nebraska,Morrill,Midwest,74.0,11072.0,19.0,13.0,60.0,16.0,2.2,9.0
Nebraska,Nance,Midwest,72.7,11247.0,13.0,15.0,74.0,16.0,2.1,7.0
Nebraska,Nemaha,Midwest,75.2,9244.0,13.0,16.0,69.0,16.0,2.2,10.0
Nebraska,Nuckolls,Midwest,77.2,,15.0,12.0,73.0,14.0,2.0,9.0
Nebraska,Otoe,Midwest,78.4,7091.0,9.0,14.0,70.0,15.0,2.2,7.0
Nebraska,Pawnee,Midwest,76.0,,20.0,15.0,57.0,18.0,2.0,9.0
Nebraska,Perkins,Midwest,78.7,,12.0,13.0,70.0,16.0,1.7,11.0
Nebraska,Phelps,Midwest,78.6,6340.0,10.0,15.0,67.0,14.0,1.8,7.0
Nebraska,Pierce,Midwest,79.4,7469.0,10.0,12.0,84.0,13.0,1.8,6.0
Nebraska,Platte,Midwest,80.1,5668.0,8.0,12.0,59.0,17.0,2.0,9.0
Nebraska,Polk,Midwest,76.7,7162.0,9.0,12.0,69.0,16.0,1.9,8.0
Nebraska,Red Willow,Midwest,75.9,9044.0,13.0,15.0,66.0,13.0,1.9,8.0
Nebraska,Richardson,Midwest,77.5,6372.0,13.0,14.0,58.0,18.0,2.1,8.0
Nebraska,Saline,Midwest,79.2,5922.0,12.0,13.0,54.0,19.0,2.4,12.0
Nebraska,Sarpy,Midwest,79.9,5140.0,5.0,11.0,81.0,13.0,2.2,5.0
Nebraska,Saunders,Midwest,78.0,6667.0,7.0,12.0,75.0,13.0,1.9,5.0
Nebraska,Scotts Bluff,Midwest,75.2,10217.0,20.0,15.0,67.0,17.0,2.6,10.0
Nebraska,Seward,Midwest,79.1,5490.0,7.0,12.0,73.0,12.0,2.0,7.0
Nebraska,Sheridan,Midwest,77.2,8483.0,21.0,15.0,70.0,16.0,2.0,11.0
Nebraska,Sherman,Midwest,79.4,,16.0,14.0,75.0,17.0,2.2,8.0
Nebraska,Stanton,Midwest,80.2,,8.0,12.0,75.0,14.0,1.9,6.0
Nebraska,Thayer,Midwest,77.1,,12.0,13.0,71.0,16.0,1.8,7.0
Nebraska,Thurston,Midwest,63.2,27026.0,26.0,18.0,60.0,24.0,2.7,7.0
Nebraska,Valley,Midwest,78.1,,16.0,13.0,72.0,14.0,2.2,9.0
Nebraska,Washington,Midwest,79.9,4802.0,7.0,12.0,77.0,11.0,2.1,5.0
Nebraska,Wayne,Midwest,82.5,4889.0,10.0,15.0,70.0,14.0,2.0,7.0
Nebraska,Webster,Midwest,75.3,,15.0,13.0,65.0,16.0,2.5,7.0
Nebraska,York,Midwest,77.9,7472.0,10.0,13.0,67.0,12.0,2.2,6.0
Nevada,Churchill,West,73.4,10826.0,14.0,14.0,57.0,20.0,4.3,10.0
Nevada,Clark,West,76.6,8618.0,18.0,15.0,60.0,21.0,5.4,14.0
Nevada,Douglas,West,79.1,7664.0,12.0,12.0,68.0,14.0,4.5,10.0
Nevada,Elko,West,75.4,10188.0,11.0,13.0,53.0,18.0,3.8,10.0
Nevada,Eureka,West,69.7,,14.0,16.0,54.0,20.0,3.7,7.0
Nevada,Humboldt,West,74.1,11481.0,14.0,14.0,59.0,23.0,3.9,12.0
Nevada,Lander,West,75.2,9879.0,13.0,13.0,58.0,20.0,3.6,11.0
Nevada,Lincoln,West,77.0,8005.0,18.0,13.0,42.0,19.0,4.7,12.0
Nevada,Lyon,West,74.2,10098.0,12.0,14.0,56.0,20.0,5.8,12.0
Nevada,Mineral,West,68.4,19161.0,23.0,16.0,41.0,24.0,6.8,11.0
Nevada,Nye,West,73.3,11605.0,24.0,17.0,44.0,23.0,6.4,10.0
Nevada,Pershing,West,76.9,8967.0,18.0,13.0,36.0,20.0,4.7,10.0
Nevada,Storey,West,83.8,,10.0,12.0,74.0,16.0,4.3,14.0
Nevada,Washoe,West,76.8,8308.0,11.0,13.0,65.0,18.0,4.1,13.0
Nevada,White Pine,West,76.6,9771.0,14.0,12.0,47.0,21.0,3.4,9.0
Nevada,Carson City,West,73.4,10864.0,14.0,14.0,60.0,20.0,4.5,14.0
New Hampshire,Belknap,Northeast,77.4,7596.0,11.0,11.0,65.0,15.0,2.1,7.0
New Hampshire,Carroll,Northeast,79.3,7555.0,12.0,10.0,69.0,14.0,2.3,8.0
New Hampshire,Cheshire,Northeast,78.6,7142.0,11.0,11.0,68.0,15.0,2.3,6.0
New Hampshire,Coos,Northeast,73.9,11270.0,18.0,13.0,57.0,17.0,2.6,8.0
New Hampshire,Grafton,Northeast,80.1,6277.0,10.0,11.0,72.0,13.0,1.9,7.0
New Hampshire,Hillsborough,Northeast,78.6,6909.0,8.0,10.0,72.0,12.0,2.3,7.0
New Hampshire,Merrimack,Northeast,79.0,6692.0,8.0,10.0,69.0,13.0,1.9,7.0
New Hampshire,Rockingham,Northeast,80.5,5001.0,5.0,8.0,76.0,12.0,2.3,5.0
New Hampshire,Strafford,Northeast,77.6,7468.0,10.0,10.0,74.0,14.0,2.1,6.0
New Hampshire,Sullivan,Northeast,78.0,8143.0,12.0,12.0,55.0,16.0,1.9,7.0
New Jersey,Atlantic,Northeast,75.7,10072.0,16.0,12.0,64.0,17.0,5.9,9.0
New Jersey,Bergen,Northeast,81.9,4472.0,7.0,9.0,81.0,13.0,3.9,7.0
New Jersey,Burlington,Northeast,78.9,6658.0,8.0,8.0,76.0,13.0,3.9,5.0
New Jersey,Camden,Northeast,76.2,8984.0,17.0,11.0,69.0,16.0,4.8,8.0
New Jersey,Cape May,Northeast,76.6,9176.0,13.0,12.0,67.0,15.0,7.6,8.0
New Jersey,Cumberland,Northeast,73.7,10760.0,22.0,13.0,43.0,22.0,6.5,10.0
New Jersey,Essex,Northeast,77.7,8341.0,18.0,12.0,63.0,17.0,5.5,11.0
New Jersey,Gloucester,Northeast,77.1,7587.0,10.0,9.0,73.0,15.0,4.3,5.0
New Jersey,Hudson,Northeast,79.9,6244.0,23.0,13.0,78.0,17.0,4.4,10.0
New Jersey,Hunterdon,Northeast,82.8,4363.0,4.0,7.0,81.0,12.0,3.5,4.0
New Jersey,Mercer,Northeast,78.4,7664.0,13.0,10.0,69.0,15.0,3.9,9.0
New Jersey,Middlesex,Northeast,80.2,5499.0,10.0,9.0,75.0,14.0,4.1,7.0
New Jersey,Monmouth,Northeast,79.6,5710.0,8.0,8.0,78.0,13.0,3.8,6.0
New Jersey,Morris,Northeast,81.7,4240.0,5.0,8.0,83.0,11.0,3.7,5.0
New Jersey,Ocean,Northeast,78.1,7127.0,15.0,11.0,69.0,16.0,4.2,6.0
New Jersey,Passaic,Northeast,78.4,7211.0,20.0,12.0,58.0,21.0,5.5,12.0
New Jersey,Salem,Northeast,73.7,11685.0,15.0,12.0,57.0,15.0,5.5,6.0
New Jersey,Somerset,Northeast,81.8,4545.0,6.0,7.0,82.0,12.0,3.8,5.0
New Jersey,Sussex,Northeast,78.4,6516.0,6.0,8.0,76.0,13.0,4.3,5.0
New Jersey,Union,Northeast,79.3,6477.0,11.0,9.0,65.0,16.0,4.7,13.0
New Jersey,Warren,Northeast,78.3,7006.0,10.0,10.0,69.0,13.0,4.0,6.0
New Mexico,Bernalillo,West,75.1,11524.0,18.0,14.0,71.0,18.0,3.5,10.0
New Mexico,Catron,West,77.2,,34.0,21.0,36.0,22.0,4.9,8.0
New Mexico,Chaves,West,72.2,13484.0,25.0,17.0,53.0,24.0,3.8,11.0
New Mexico,Cibola,West,70.7,16697.0,31.0,20.0,58.0,26.0,5.2,9.0
New Mexico,Colfax,West,75.2,13075.0,26.0,16.0,59.0,20.0,3.4,10.0
New Mexico,Curry,West,72.6,12340.0,22.0,16.0,64.0,20.0,2.9,11.0
New Mexico,De Baca,West,71.6,,31.0,15.0,70.0,21.0,3.3,13.0
New Mexico,Dona Ana,West,76.0,9397.0,24.0,16.0,66.0,21.0,4.3,12.0
New Mexico,Eddy,West,72.7,12798.0,19.0,12.0,64.0,22.0,2.6,11.0
New Mexico,Grant,West,74.3,12951.0,27.0,17.0,56.0,22.0,3.5,9.0
New Mexico,Guadalupe,West,73.9,12651.0,30.0,17.0,49.0,25.0,4.0,9.0
New Mexico,Hidalgo,West,75.0,10844.0,33.0,16.0,50.0,24.0,3.3,11.0
New Mexico,Lea,West,72.6,12673.0,20.0,14.0,44.0,24.0,3.5,13.0
New Mexico,Lincoln,West,75.8,12621.0,28.0,15.0,60.0,19.0,3.2,12.0
New Mexico,Los Alamos,West,83.0,3583.0,3.0,8.0,88.0,9.0,1.9,2.0
New Mexico,Luna,West,72.1,13152.0,38.0,21.0,42.0,30.0,10.0,12.0
New Mexico,McKinley,West,63.9,27593.0,42.0,21.0,49.0,32.0,5.2,14.0
New Mexico,Mora,West,76.1,14982.0,28.0,20.0,48.0,23.0,5.0,6.0
New Mexico,Otero,West,74.9,11128.0,31.0,17.0,61.0,21.0,4.0,9.0
New Mexico,Quay,West,70.3,16627.0,33.0,20.0,56.0,24.0,4.2,10.0
New Mexico,Rio Arriba,West,69.3,21299.0,27.0,16.0,52.0,25.0,3.4,9.0
New Mexico,Roosevelt,West,74.4,10941.0,26.0,17.0,57.0,21.0,3.6,11.0
New Mexico,Sandoval,West,76.8,9511.0,16.0,11.0,66.0,19.0,3.6,8.0
New Mexico,San Juan,West,69.8,18277.0,26.0,17.0,56.0,25.0,4.2,13.0
New Mexico,San Miguel,West,74.1,14085.0,30.0,18.0,61.0,22.0,4.6,9.0
New Mexico,Santa Fe,West,79.3,8950.0,19.0,12.0,66.0,16.0,3.4,12.0
New Mexico,Sierra,West,69.6,17438.0,35.0,21.0,51.0,21.0,6.0,9.0
New Mexico,Socorro,West,71.0,17605.0,32.0,21.0,49.0,27.0,4.2,10.0
New Mexico,Taos,West,76.5,12930.0,23.0,14.0,62.0,19.0,4.4,11.0
New Mexico,Torrance,West,72.8,14503.0,32.0,17.0,54.0,25.0,5.1,9.0
New Mexico,Union,West,73.8,12002.0,25.0,16.0,42.0,25.0,3.1,12.0
New Mexico,Valencia,West,74.5,11779.0,24.0,15.0,59.0,20.0,4.1,11.0
New York,Albany,Northeast,78.5,7276.0,15.0,12.0,78.0,12.0,3.3,5.0
New York,Allegany,Northeast,76.8,8271.0,17.0,14.0,64.0,16.0,4.3,5.0
New York,Bronx,Northeast,76.7,9451.0,36.0,20.0,55.0,28.0,6.8,7.0
New York,Broome,Northeast,76.5,9128.0,20.0,15.0,67.0,15.0,3.9,5.0
New York,Cattaraugus,Northeast,74.5,10681.0,26.0,15.0,52.0,17.0,4.3,7.0
New York,Cayuga,Northeast,77.6,7892.0,18.0,13.0,61.0,18.0,3.6,6.0
New York,Chautauqua,Northeast,75.7,9667.0,23.0,15.0,59.0,18.0,4.3,6.0
New York,Chemung,Northeast,75.0,9852.0,22.0,14.0,60.0,17.0,4.0,5.0
New York,Chenango,Northeast,74.9,10172.0,19.0,13.0,52.0,17.0,3.5,5.0
New York,Clinton,Northeast,77.8,7270.0,16.0,13.0,63.0,17.0,3.5,5.0
New York,Columbia,Northeast,79.2,7810.0,18.0,11.0,63.0,14.0,3.0,6.0
New York,Cortland,Northeast,76.2,8256.0,17.0,13.0,65.0,16.0,4.2,5.0
New York,Delaware,Northeast,76.7,8915.0,22.0,14.0,59.0,15.0,4.0,6.0
New York,Dutchess,Northeast,79.3,6546.0,9.0,10.0,69.0,13.0,3.3,5.0
New York,Erie,Northeast,77.0,8238.0,18.0,12.0,74.0,15.0,3.8,4.0
New York,Essex,Northeast,78.4,7206.0,17.0,12.0,58.0,15.0,3.8,5.0
New York,Franklin,Northeast,77.3,7951.0,19.0,15.0,52.0,18.0,3.8,6.0
New York,Fulton,Northeast,75.0,9922.0,20.0,14.0,62.0,19.0,4.4,6.0
New York,Genesee,Northeast,77.4,7591.0,14.0,12.0,65.0,16.0,3.3,4.0
New York,Greene,Northeast,77.6,8286.0,19.0,11.0,57.0,15.0,3.8,5.0
New York,Hamilton,Northeast,78.4,,14.0,13.0,63.0,17.0,5.0,9.0
New York,Herkimer,Northeast,77.6,7795.0,17.0,13.0,64.0,15.0,4.1,5.0
New York,Jefferson,Northeast,77.3,7378.0,19.0,14.0,67.0,17.0,4.4,5.0
New York,Kings,Northeast,80.1,6345.0,27.0,15.0,72.0,17.0,5.5,6.0
New York,Lewis,Northeast,78.9,7011.0,15.0,13.0,57.0,16.0,4.4,5.0
New York,Livingston,Northeast,79.4,5954.0,12.0,11.0,66.0,15.0,3.5,4.0
New York,Madison,Northeast,78.4,6940.0,13.0,11.0,63.0,14.0,3.7,4.0
New York,Monroe,Northeast,78.2,7510.0,18.0,12.0,75.0,12.0,3.7,4.0
New York,Montgomery,Northeast,75.2,9219.0,23.0,14.0,58.0,19.0,4.6,5.0
New York,Nassau,Northeast,81.3,4800.0,6.0,7.0,79.0,12.0,3.1,4.0
New York,New York,Northeast,83.0,4960.0,20.0,15.0,86.0,15.0,4.6,5.0
New York,Niagara,Northeast,75.4,9535.0,20.0,13.0,68.0,15.0,4.1,4.0
New York,Oneida,Northeast,76.3,8898.0,20.0,13.0,64.0,16.0,3.7,5.0
New York,Onondaga,Northeast,77.7,7762.0,19.0,12.0,73.0,16.0,3.5,4.0
New York,Ontario,Northeast,79.8,6296.0,10.0,11.0,74.0,14.0,3.3,4.0
New York,Orange,Northeast,78.8,6631.0,19.0,11.0,63.0,14.0,3.4,5.0
New York,Orleans,Northeast,76.9,7355.0,15.0,13.0,45.0,15.0,4.0,6.0
New York,Oswego,Northeast,76.2,9165.0,19.0,14.0,60.0,17.0,4.3,5.0
New York,Otsego,Northeast,77.7,8049.0,19.0,12.0,68.0,15.0,3.8,5.0
New York,Putnam,Northeast,81.6,4624.0,7.0,8.0,73.0,12.0,3.1,4.0
New York,Queens,Northeast,81.2,5788.0,18.0,13.0,68.0,16.0,4.6,9.0
New York,Rensselaer,Northeast,77.7,7122.0,16.0,12.0,73.0,14.0,3.3,4.0
New York,Richmond,Northeast,79.0,6376.0,18.0,12.0,70.0,14.0,4.9,5.0
New York,Rockland,Northeast,81.0,5423.0,23.0,11.0,64.0,17.0,3.1,5.0
New York,St. Lawrence,Northeast,76.8,8243.0,21.0,15.0,57.0,17.0,4.4,6.0
New York,Saratoga,Northeast,80.2,5526.0,8.0,10.0,78.0,10.0,2.9,4.0
New York,Schenectady,Northeast,77.1,8452.0,19.0,11.0,71.0,13.0,3.5,5.0
New York,Schoharie,Northeast,78.9,7415.0,17.0,12.0,63.0,17.0,4.2,5.0
New York,Schuyler,Northeast,76.5,7969.0,19.0,14.0,62.0,18.0,3.9,6.0
New York,Seneca,Northeast,77.6,7640.0,21.0,13.0,56.0,16.0,3.5,6.0
New York,Steuben,Northeast,76.3,8363.0,19.0,13.0,64.0,15.0,4.0,5.0
New York,Suffolk,Northeast,79.4,6453.0,9.0,8.0,70.0,13.0,3.4,6.0
New York,Sullivan,Northeast,76.1,9701.0,21.0,13.0,61.0,17.0,3.3,6.0
New York,Tioga,Northeast,78.6,6676.0,18.0,12.0,61.0,13.0,3.4,4.0
New York,Tompkins,Northeast,80.9,5563.0,13.0,12.0,84.0,14.0,3.1,5.0
New York,Ulster,Northeast,78.8,7045.0,13.0,13.0,63.0,15.0,3.4,7.0
New York,Warren,Northeast,78.1,7391.0,15.0,12.0,68.0,16.0,3.7,5.0
New York,Washington,Northeast,76.6,8493.0,16.0,12.0,53.0,15.0,3.4,5.0
New York,Wayne,Northeast,77.2,8850.0,14.0,11.0,65.0,14.0,3.4,5.0
New York,Westchester,Northeast,82.0,4881.0,11.0,9.0,76.0,13.0,3.4,5.0
New York,Wyoming,Northeast,78.1,6545.0,13.0,12.0,53.0,16.0,3.9,5.0
New York,Yates,Northeast,78.1,6772.0,18.0,12.0,42.0,18.0,3.2,10.0
North Carolina,Alamance,South,75.4,9571.0,16.0,14.0,62.0,20.0,3.4,13.0
North Carolina,Alexander,South,74.1,10847.0,17.0,15.0,53.0,17.0,3.2,12.0
North Carolina,Alleghany,South,77.3,8598.0,25.0,18.0,53.0,21.0,4.5,17.0
North Carolina,Anson,South,70.4,15560.0,33.0,16.0,35.0,23.0,4.0,12.0
North Carolina,Ashe,South,75.7,9771.0,22.0,16.0,62.0,18.0,3.0,14.0
North Carolina,Avery,South,75.9,9111.0,22.0,15.0,53.0,17.0,3.0,16.0
North Carolina,Beaufort,South,73.7,12293.0,31.0,16.0,60.0,20.0,4.0,12.0
North Carolina,Bertie,South,72.0,14628.0,34.0,16.0,49.0,25.0,4.4,12.0
North Carolina,Bladen,South,70.3,16588.0,29.0,18.0,56.0,21.0,4.2,14.0
North Carolina,Brunswick,South,77.1,10048.0,17.0,14.0,62.0,15.0,4.2,10.0
North Carolina,Buncombe,South,77.4,8557.0,16.0,15.0,71.0,13.0,2.7,13.0
North Carolina,Burke,South,74.2,11521.0,24.0,17.0,56.0,18.0,3.3,13.0
North Carolina,Cabarrus,South,77.2,7537.0,12.0,12.0,71.0,15.0,3.2,9.0
North Carolina,Caldwell,South,72.4,12863.0,18.0,16.0,58.0,19.0,3.4,13.0
North Carolina,Camden,South,75.9,9189.0,9.0,12.0,74.0,16.0,3.3,9.0
North Carolina,Carteret,South,75.6,10599.0,14.0,15.0,72.0,15.0,3.2,12.0
North Carolina,Caswell,South,74.4,10423.0,23.0,15.0,52.0,21.0,3.6,12.0
North Carolina,Catawba,South,73.9,11084.0,16.0,15.0,65.0,18.0,3.3,12.0
North Carolina,Chatham,South,79.9,7552.0,12.0,13.0,70.0,16.0,3.0,11.0
North Carolina,Cherokee,South,74.2,12641.0,25.0,17.0,55.0,20.0,3.9,13.0
North Carolina,Chowan,South,74.4,10588.0,25.0,17.0,47.0,21.0,3.6,11.0
North Carolina,Clay,South,76.8,10396.0,22.0,16.0,74.0,18.0,3.7,13.0
North Carolina,Cleveland,South,72.0,12476.0,26.0,16.0,56.0,21.0,3.5,11.0
North Carolina,Columbus,South,69.7,16521.0,30.0,17.0,52.0,24.0,4.0,14.0
North Carolina,Craven,South,73.6,12560.0,25.0,15.0,67.0,19.0,3.5,11.0
North Carolina,Cumberland,South,72.9,12884.0,22.0,16.0,71.0,19.0,4.7,11.0
North Carolina,Currituck,South,77.1,6918.0,11.0,12.0,67.0,14.0,3.1,10.0
North Carolina,Dare,South,78.2,8307.0,13.0,12.0,71.0,12.0,4.0,11.0
North Carolina,Davidson,South,73.3,12217.0,21.0,15.0,60.0,18.0,3.4,12.0
North Carolina,Davie,South,76.4,9312.0,14.0,15.0,63.0,17.0,3.1,10.0
North Carolina,Duplin,South,73.8,11990.0,27.0,17.0,57.0,23.0,3.3,16.0
North Carolina,Durham,South,79.2,7259.0,15.0,12.0,78.0,14.0,3.1,11.0
North Carolina,Edgecombe,South,70.5,16248.0,39.0,16.0,52.0,23.0,5.7,11.0
North Carolina,Forsyth,South,75.8,9571.0,23.0,15.0,69.0,17.0,3.5,11.0
North Carolina,Franklin,South,76.3,9622.0,15.0,13.0,62.0,18.0,3.5,13.0
North Carolina,Gaston,South,73.0,11889.0,19.0,14.0,65.0,18.0,3.4,11.0
North Carolina,Gates,South,74.6,11366.0,20.0,14.0,56.0,19.0,3.3,9.0
North Carolina,Graham,South,74.5,11941.0,23.0,17.0,51.0,19.0,4.4,16.0
North Carolina,Granville,South,75.6,9720.0,16.0,13.0,61.0,19.0,3.0,12.0
North Carolina,Greene,South,74.9,9574.0,30.0,17.0,45.0,25.0,2.9,18.0
North Carolina,Guilford,South,76.2,9267.0,21.0,14.0,72.0,18.0,3.9,10.0
North Carolina,Halifax,South,70.4,15815.0,42.0,18.0,52.0,25.0,5.2,12.0
North Carolina,Harnett,South,74.6,10064.0,18.0,15.0,66.0,20.0,3.9,12.0
North Carolina,Haywood,South,74.6,10920.0,17.0,15.0,65.0,16.0,3.0,12.0
North Carolina,Henderson,South,77.4,8875.0,16.0,15.0,65.0,16.0,2.9,14.0
North Carolina,Hertford,South,72.2,13851.0,32.0,16.0,53.0,25.0,4.7,12.0
North Carolina,Hoke,South,72.7,12067.0,24.0,16.0,65.0,21.0,4.4,11.0
North Carolina,Hyde,South,77.9,8578.0,31.0,22.0,55.0,25.0,5.8,19.0
North Carolina,Iredell,South,76.6,8077.0,12.0,13.0,68.0,16.0,3.2,10.0
North Carolina,Jackson,South,76.3,10730.0,21.0,17.0,55.0,17.0,3.6,16.0
North Carolina,Johnston,South,76.5,8163.0,14.0,13.0,66.0,18.0,3.2,13.0
North Carolina,Jones,South,72.4,12786.0,30.0,16.0,57.0,22.0,3.2,14.0
North Carolina,Lee,South,73.7,12122.0,23.0,16.0,64.0,21.0,4.0,14.0
North Carolina,Lenoir,South,70.9,14785.0,32.0,18.0,54.0,23.0,3.4,13.0
North Carolina,Lincoln,South,76.2,8826.0,13.0,14.0,64.0,17.0,3.0,10.0
North Carolina,McDowell,South,74.3,10422.0,20.0,17.0,55.0,23.0,3.2,14.0
North Carolina,Macon,South,75.4,10667.0,21.0,17.0,65.0,17.0,3.2,16.0
North Carolina,Madison,South,74.7,11509.0,20.0,16.0,55.0,19.0,3.2,11.0
North Carolina,Martin,South,71.1,14543.0,31.0,17.0,60.0,23.0,4.4,13.0
North Carolina,Mecklenburg,South,78.8,6929.0,14.0,12.0,77.0,16.0,3.4,11.0
North Carolina,Mitchell,South,74.1,10459.0,20.0,17.0,70.0,17.0,3.6,11.0
North Carolina,Montgomery,South,72.3,14448.0,21.0,16.0,47.0,20.0,3.6,16.0
North Carolina,Moore,South,77.0,9156.0,13.0,13.0,75.0,14.0,3.4,10.0
North Carolina,Nash,South,73.5,11979.0,21.0,14.0,54.0,21.0,4.6,14.0
North Carolina,New Hanover,South,77.6,8454.0,16.0,14.0,78.0,14.0,3.1,11.0
North Carolina,Northampton,South,72.0,14714.0,32.0,15.0,63.0,23.0,4.6,10.0
North Carolina,Onslow,South,74.1,10505.0,16.0,16.0,68.0,17.0,4.0,9.0
North Carolina,Orange,South,81.6,5802.0,8.0,12.0,85.0,12.0,2.9,8.0
North Carolina,Pamlico,South,73.8,13808.0,25.0,15.0,59.0,18.0,3.3,12.0
North Carolina,Pasquotank,South,73.8,11395.0,23.0,13.0,65.0,18.0,4.1,10.0
North Carolina,Pender,South,75.7,9267.0,14.0,14.0,69.0,18.0,3.2,12.0
North Carolina,Perquimans,South,73.7,13273.0,25.0,16.0,61.0,17.0,4.0,11.0
North Carolina,Person,South,74.8,10159.0,19.0,16.0,63.0,22.0,3.5,11.0
North Carolina,Pitt,South,74.9,10748.0,23.0,16.0,73.0,18.0,3.9,10.0
North Carolina,Polk,South,76.5,10657.0,20.0,15.0,60.0,13.0,3.3,12.0
North Carolina,Randolph,South,72.9,12479.0,21.0,16.0,54.0,21.0,3.6,13.0
North Carolina,Richmond,South,68.7,17666.0,31.0,18.0,55.0,22.0,4.6,12.0
North Carolina,Robeson,South,67.9,18938.0,38.0,20.0,46.0,27.0,5.0,15.0
North Carolina,Rockingham,South,71.9,13516.0,19.0,17.0,55.0,21.0,4.0,13.0
North Carolina,Rowan,South,72.7,12312.0,21.0,16.0,59.0,19.0,3.4,11.0
North Carolina,Rutherford,South,71.9,13778.0,20.0,18.0,57.0,21.0,4.6,12.0
North Carolina,Sampson,South,72.7,12312.0,26.0,17.0,55.0,23.0,3.5,17.0
North Carolina,Scotland,South,69.5,16835.0,43.0,19.0,47.0,25.0,6.3,11.0
North Carolina,Stanly,South,74.1,10233.0,15.0,15.0,61.0,18.0,3.0,13.0
North Carolina,Stokes,South,73.7,12067.0,15.0,16.0,60.0,18.0,3.1,10.0
North Carolina,Surry,South,73.7,10742.0,16.0,18.0,60.0,21.0,3.2,13.0
North Carolina,Swain,South,67.3,19177.0,23.0,18.0,54.0,22.0,2.9,19.0
North Carolina,Transylvania,South,79.1,7665.0,18.0,15.0,63.0,14.0,3.2,14.0
North Carolina,Tyrrell,South,76.0,9473.0,30.0,16.0,32.0,20.0,5.1,16.0
North Carolina,Union,South,78.5,6696.0,10.0,11.0,71.0,14.0,3.0,10.0
North Carolina,Vance,South,70.1,16711.0,37.0,16.0,48.0,23.0,5.4,13.0
North Carolina,Wake,South,81.0,5322.0,8.0,11.0,82.0,13.0,3.0,9.0
North Carolina,Warren,South,73.0,14445.0,31.0,17.0,49.0,25.0,5.4,15.0
North Carolina,Washington,South,71.2,16100.0,36.0,18.0,53.0,24.0,4.8,12.0
North Carolina,Watauga,South,79.4,6649.0,12.0,15.0,76.0,16.0,3.0,12.0
North Carolina,Wayne,South,73.2,11854.0,22.0,16.0,61.0,20.0,3.7,14.0
North Carolina,Wilkes,South,73.7,12047.0,21.0,18.0,56.0,21.0,3.7,13.0
North Carolina,Wilson,South,72.6,12403.0,27.0,17.0,55.0,24.0,4.9,13.0
North Carolina,Yadkin,South,73.6,12330.0,18.0,16.0,58.0,20.0,3.1,13.0
North Carolina,Yancey,South,76.0,8897.0,22.0,17.0,59.0,17.0,3.1,13.0
North Dakota,Adams,Midwest,77.1,,13.0,10.0,65.0,17.0,1.8,8.0
North Dakota,Barnes,Midwest,77.2,7642.0,11.0,9.0,72.0,14.0,2.1,6.0
North Dakota,Benson,Midwest,60.1,35011.0,28.0,15.0,57.0,25.0,2.7,7.0
North Dakota,Bottineau,Midwest,80.3,5598.0,12.0,8.0,67.0,17.0,2.4,8.0
North Dakota,Bowman,Midwest,79.0,,11.0,7.0,74.0,16.0,1.3,9.0
North Dakota,Burke,Midwest,81.4,,9.0,6.0,67.0,13.0,1.6,7.0
North Dakota,Burleigh,Midwest,79.4,6798.0,7.0,7.0,76.0,13.0,1.7,6.0
North Dakota,Cass,Midwest,79.1,6730.0,8.0,8.0,82.0,14.0,1.7,7.0
North Dakota,Cavalier,Midwest,80.6,,11.0,8.0,84.0,14.0,2.2,6.0
North Dakota,Dickey,Midwest,76.9,6934.0,13.0,8.0,71.0,16.0,1.7,9.0
North Dakota,Divide,Midwest,81.8,,12.0,6.0,71.0,15.0,1.2,7.0
North Dakota,Dunn,Midwest,77.2,10631.0,15.0,7.0,58.0,16.0,1.1,10.0
North Dakota,Eddy,Midwest,74.4,,11.0,12.0,73.0,18.0,2.6,8.0
North Dakota,Emmons,Midwest,77.0,,15.0,8.0,76.0,14.0,4.1,8.0
North Dakota,Foster,Midwest,77.2,,10.0,7.0,85.0,14.0,1.8,8.0
North Dakota,Golden Valley,Midwest,85.3,,16.0,10.0,79.0,16.0,1.6,7.0
North Dakota,Grand Forks,Midwest,78.6,6701.0,9.0,9.0,79.0,16.0,1.7,6.0
North Dakota,Grant,Midwest,76.6,,23.0,9.0,75.0,19.0,1.6,6.0
North Dakota,Griggs,Midwest,81.6,,16.0,7.0,67.0,14.0,1.9,6.0
North Dakota,Hettinger,Midwest,77.9,,16.0,9.0,64.0,16.0,1.6,8.0
North Dakota,Kidder,Midwest,79.4,,16.0,10.0,69.0,16.0,3.2,8.0
North Dakota,LaMoure,Midwest,82.5,,10.0,8.0,70.0,14.0,1.8,10.0
North Dakota,Logan,Midwest,80.5,,18.0,7.0,80.0,18.0,2.3,6.0
North Dakota,McHenry,Midwest,76.1,8292.0,15.0,8.0,70.0,15.0,2.8,5.0
North Dakota,McIntosh,Midwest,76.0,,16.0,9.0,64.0,17.0,1.9,8.0
North Dakota,McKenzie,Midwest,74.3,13744.0,9.0,9.0,67.0,18.0,1.3,8.0
North Dakota,McLean,Midwest,76.8,10092.0,10.0,7.0,75.0,14.0,2.4,7.0
North Dakota,Mercer,Midwest,79.3,7938.0,8.0,8.0,76.0,15.0,2.6,7.0
North Dakota,Morton,Midwest,77.3,7421.0,10.0,7.0,72.0,16.0,2.3,7.0
North Dakota,Mountrail,Midwest,68.7,18736.0,15.0,10.0,57.0,18.0,1.2,12.0
North Dakota,Nelson,Midwest,78.4,,9.0,10.0,69.0,15.0,2.5,7.0
North Dakota,Oliver,Midwest,92.2,,15.0,8.0,82.0,15.0,3.1,6.0
North Dakota,Pembina,Midwest,77.7,9577.0,8.0,9.0,62.0,15.0,2.8,8.0
North Dakota,Pierce,Midwest,77.4,,12.0,8.0,69.0,15.0,2.5,5.0
North Dakota,Ramsey,Midwest,75.1,10641.0,15.0,12.0,67.0,15.0,2.1,8.0
North Dakota,Ransom,Midwest,78.1,7447.0,11.0,8.0,62.0,15.0,1.5,7.0
North Dakota,Renville,Midwest,75.8,,8.0,6.0,59.0,15.0,1.7,7.0
North Dakota,Richland,Midwest,81.2,7004.0,11.0,8.0,74.0,16.0,1.7,7.0
North Dakota,Rolette,Midwest,65.2,22508.0,25.0,16.0,55.0,27.0,5.5,10.0
North Dakota,Sargent,Midwest,77.6,,11.0,7.0,67.0,16.0,1.5,5.0
North Dakota,Sioux,Midwest,59.6,35129.0,39.0,21.0,39.0,37.0,2.4,7.0
North Dakota,Stark,Midwest,78.4,7622.0,9.0,8.0,68.0,16.0,1.5,8.0
North Dakota,Steele,Midwest,80.9,,11.0,8.0,71.0,14.0,2.0,6.0
North Dakota,Stutsman,Midwest,78.2,7083.0,11.0,11.0,62.0,16.0,1.8,7.0
North Dakota,Towner,Midwest,78.6,,13.0,10.0,66.0,19.0,2.0,10.0
North Dakota,Traill,Midwest,78.3,6992.0,7.0,7.0,70.0,14.0,1.7,6.0
North Dakota,Walsh,Midwest,78.6,6772.0,12.0,8.0,62.0,18.0,2.9,11.0
North Dakota,Ward,Midwest,77.5,7781.0,9.0,8.0,70.0,15.0,2.1,6.0
North Dakota,Wells,Midwest,80.0,,15.0,9.0,50.0,14.0,2.8,7.0
North Dakota,Williams,Midwest,77.9,8180.0,9.0,8.0,56.0,16.0,1.6,10.0
Ohio,Adams,Midwest,70.6,14358.0,26.0,20.0,51.0,23.0,5.0,9.0
Ohio,Allen,Midwest,74.3,10482.0,19.0,14.0,59.0,22.0,3.7,7.0
Ohio,Ashland,Midwest,75.3,9329.0,19.0,14.0,51.0,20.0,3.4,8.0
Ohio,Ashtabula,Midwest,73.7,10961.0,28.0,17.0,46.0,22.0,4.0,9.0
Ohio,Athens,Midwest,74.7,9988.0,21.0,18.0,72.0,18.0,4.4,8.0
Ohio,Auglaize,Midwest,76.6,7619.0,10.0,12.0,67.0,17.0,2.6,5.0
Ohio,Belmont,Midwest,74.1,10341.0,21.0,16.0,54.0,22.0,4.4,7.0
Ohio,Brown,Midwest,72.6,12369.0,23.0,17.0,49.0,21.0,4.1,8.0
Ohio,Butler,Midwest,75.4,9596.0,13.0,13.0,64.0,19.0,3.2,7.0
Ohio,Carroll,Midwest,75.0,9631.0,19.0,15.0,46.0,22.0,3.9,9.0
Ohio,Champaign,Midwest,75.7,8612.0,12.0,13.0,55.0,19.0,3.2,7.0
Ohio,Clark,Midwest,72.3,12878.0,21.0,16.0,58.0,22.0,3.6,8.0
Ohio,Clermont,Midwest,76.3,8757.0,11.0,13.0,67.0,17.0,3.2,6.0
Ohio,Clinton,Midwest,73.0,12168.0,16.0,16.0,58.0,20.0,4.0,6.0
Ohio,Columbiana,Midwest,74.0,10611.0,20.0,16.0,52.0,21.0,4.2,9.0
Ohio,Coshocton,Midwest,74.3,10619.0,22.0,18.0,49.0,21.0,4.5,10.0
Ohio,Crawford,Midwest,73.4,11001.0,17.0,16.0,54.0,22.0,4.3,8.0
Ohio,Cuyahoga,Midwest,75.4,10171.0,23.0,15.0,70.0,20.0,3.8,7.0
Ohio,Darke,Midwest,75.5,9154.0,11.0,14.0,54.0,19.0,3.1,7.0
Ohio,Defiance,Midwest,76.2,8496.0,13.0,13.0,61.0,18.0,3.5,7.0
Ohio,Delaware,Midwest,81.1,4329.0,6.0,9.0,84.0,12.0,2.8,4.0
Ohio,Erie,Midwest,75.1,10181.0,19.0,14.0,62.0,16.0,4.4,6.0
Ohio,Fairfield,Midwest,76.4,8090.0,11.0,12.0,67.0,19.0,3.1,6.0
Ohio,Fayette,Midwest,72.7,11760.0,18.0,17.0,48.0,23.0,3.6,9.0
Ohio,Franklin,Midwest,75.5,9722.0,20.0,14.0,72.0,18.0,3.1,8.0
Ohio,Fulton,Midwest,76.4,8021.0,11.0,13.0,62.0,20.0,3.5,6.0
Ohio,Gallia,Midwest,71.7,13985.0,24.0,17.0,56.0,21.0,4.3,8.0
Ohio,Geauga,Midwest,80.0,5581.0,6.0,11.0,66.0,16.0,3.1,9.0
Ohio,Greene,Midwest,77.3,7701.0,11.0,13.0,79.0,15.0,3.2,5.0
Ohio,Guernsey,Midwest,72.5,12334.0,22.0,17.0,50.0,23.0,4.3,8.0
Ohio,Hamilton,Midwest,75.5,9669.0,17.0,13.0,73.0,20.0,3.2,6.0
Ohio,Hancock,Midwest,76.1,8447.0,11.0,13.0,68.0,17.0,2.9,6.0
Ohio,Hardin,Midwest,71.8,12366.0,18.0,16.0,47.0,25.0,3.8,9.0
Ohio,Harrison,Midwest,72.6,11998.0,20.0,16.0,47.0,20.0,4.1,9.0
Ohio,Henry,Midwest,76.0,8405.0,11.0,13.0,62.0,19.0,4.2,6.0
Ohio,Highland,Midwest,73.1,11714.0,18.0,17.0,53.0,23.0,4.6,9.0
Ohio,Hocking,Midwest,72.6,12743.0,22.0,17.0,56.0,24.0,3.7,8.0
Ohio,Holmes,Midwest,78.2,6124.0,10.0,12.0,22.0,25.0,2.8,35.0
Ohio,Huron,Midwest,74.2,10506.0,20.0,15.0,55.0,18.0,4.5,8.0
Ohio,Jackson,Midwest,71.2,13453.0,22.0,18.0,44.0,22.0,4.6,8.0
Ohio,Jefferson,Midwest,71.8,13984.0,22.0,18.0,64.0,20.0,5.1,6.0
Ohio,Knox,Midwest,76.3,7936.0,14.0,15.0,58.0,17.0,3.3,9.0
Ohio,Lake,Midwest,77.0,7979.0,15.0,13.0,70.0,16.0,3.4,6.0
Ohio,Lawrence,Midwest,70.0,15074.0,21.0,19.0,53.0,24.0,4.1,7.0
Ohio,Licking,Midwest,75.9,8469.0,12.0,13.0,67.0,18.0,3.1,6.0
Ohio,Logan,Midwest,75.7,8349.0,15.0,13.0,55.0,20.0,3.0,6.0
Ohio,Lorain,Midwest,76.0,9275.0,15.0,15.0,65.0,20.0,3.8,7.0
Ohio,Lucas,Midwest,73.4,11817.0,24.0,16.0,65.0,22.0,4.2,7.0
Ohio,Madison,Midwest,76.2,7956.0,12.0,13.0,53.0,20.0,3.0,7.0
Ohio,Mahoning,Midwest,73.4,12041.0,28.0,16.0,61.0,20.0,4.2,6.0
Ohio,Marion,Midwest,73.7,11206.0,20.0,17.0,47.0,22.0,3.4,7.0
Ohio,Medina,Midwest,79.0,5777.0,9.0,11.0,74.0,15.0,3.1,6.0
Ohio,Meigs,Midwest,70.8,14804.0,30.0,19.0,43.0,24.0,5.4,9.0
Ohio,Mercer,Midwest,77.4,7561.0,8.0,11.0,71.0,18.0,2.3,7.0
Ohio,Miami,Midwest,76.0,8584.0,11.0,12.0,61.0,15.0,3.2,6.0
Ohio,Monroe,Midwest,73.6,11678.0,22.0,17.0,49.0,22.0,5.5,8.0
Ohio,Montgomery,Midwest,73.3,12141.0,22.0,15.0,69.0,20.0,3.8,8.0
Ohio,Morgan,Midwest,73.3,11251.0,22.0,18.0,54.0,20.0,4.5,9.0
Ohio,Morrow,Midwest,76.5,9093.0,13.0,14.0,49.0,23.0,3.5,8.0
Ohio,Muskingum,Midwest,74.4,10314.0,24.0,16.0,55.0,19.0,3.8,7.0
Ohio,Noble,Midwest,80.7,8740.0,15.0,18.0,40.0,22.0,4.9,9.0
Ohio,Ottawa,Midwest,76.6,8724.0,12.0,14.0,67.0,16.0,4.8,7.0
Ohio,Paulding,Midwest,76.9,7074.0,14.0,14.0,56.0,21.0,3.1,8.0
Ohio,Perry,Midwest,73.4,11571.0,18.0,16.0,50.0,21.0,4.0,8.0
Ohio,Pickaway,Midwest,74.4,9732.0,15.0,15.0,53.0,18.0,3.3,7.0
Ohio,Pike,Midwest,69.7,16409.0,26.0,20.0,43.0,24.0,4.6,7.0
Ohio,Portage,Midwest,76.4,8136.0,15.0,13.0,65.0,17.0,3.5,6.0
Ohio,Preble,Midwest,74.5,9640.0,15.0,13.0,54.0,20.0,3.1,6.0
Ohio,Putnam,Midwest,78.2,6060.0,6.0,10.0,73.0,16.0,2.6,6.0
Ohio,Richland,Midwest,74.0,11193.0,20.0,15.0,52.0,20.0,4.1,7.0
Ohio,Ross,Midwest,72.2,12209.0,23.0,16.0,51.0,22.0,3.4,7.0
Ohio,Sandusky,Midwest,75.2,9229.0,14.0,15.0,56.0,20.0,3.5,6.0
Ohio,Scioto,Midwest,69.2,16720.0,24.0,21.0,51.0,23.0,4.8,7.0
Ohio,Seneca,Midwest,74.8,9987.0,17.0,14.0,61.0,20.0,3.6,6.0
Ohio,Shelby,Midwest,74.9,9916.0,15.0,14.0,59.0,19.0,3.1,7.0
Ohio,Stark,Midwest,75.1,9698.0,17.0,15.0,64.0,16.0,3.7,6.0
Ohio,Summit,Midwest,75.3,9664.0,20.0,14.0,70.0,18.0,3.7,7.0
Ohio,Trumbull,Midwest,73.5,11710.0,25.0,17.0,52.0,22.0,4.4,9.0
Ohio,Tuscarawas,Midwest,74.6,9807.0,17.0,15.0,49.0,22.0,3.6,9.0
Ohio,Union,Midwest,78.5,5567.0,5.0,10.0,74.0,13.0,2.8,4.0
Ohio,Van Wert,Midwest,75.5,9043.0,14.0,13.0,63.0,18.0,2.8,6.0
Ohio,Vinton,Midwest,67.6,19460.0,27.0,19.0,57.0,26.0,4.8,9.0
Ohio,Warren,Midwest,78.2,6327.0,6.0,10.0,74.0,14.0,3.0,4.0
Ohio,Washington,Midwest,74.7,10492.0,16.0,16.0,62.0,21.0,4.2,8.0
Ohio,Wayne,Midwest,75.8,8918.0,12.0,13.0,54.0,18.0,2.8,13.0
Ohio,Williams,Midwest,76.3,8265.0,14.0,14.0,58.0,19.0,3.1,7.0
Ohio,Wood,Midwest,77.4,6563.0,9.0,14.0,75.0,16.0,3.2,5.0
Ohio,Wyandot,Midwest,76.1,8016.0,12.0,12.0,58.0,16.0,2.6,6.0
Oklahoma,Adair,South,69.3,16046.0,31.0,20.0,40.0,30.0,3.8,16.0
Oklahoma,Alfalfa,South,77.7,7651.0,22.0,14.0,48.0,19.0,2.7,15.0
Oklahoma,Atoka,South,72.9,12958.0,24.0,18.0,41.0,26.0,3.8,18.0
Oklahoma,Beaver,South,76.5,10015.0,19.0,13.0,55.0,20.0,2.1,20.0
Oklahoma,Beckham,South,72.1,11753.0,30.0,17.0,41.0,22.0,3.0,16.0
Oklahoma,Blaine,South,70.3,15377.0,22.0,15.0,44.0,24.0,2.3,15.0
Oklahoma,Bryan,South,72.2,12725.0,22.0,17.0,53.0,22.0,2.9,17.0
Oklahoma,Caddo,South,69.0,16065.0,23.0,18.0,38.0,27.0,3.4,16.0
Oklahoma,Canadian,South,77.7,7145.0,9.0,12.0,69.0,16.0,2.7,10.0
Oklahoma,Carter,South,71.7,12499.0,23.0,17.0,55.0,22.0,3.7,16.0
Oklahoma,Cherokee,South,73.0,12008.0,24.0,19.0,60.0,25.0,3.5,17.0
Oklahoma,Choctaw,South,68.3,17858.0,31.0,21.0,50.0,26.0,3.9,15.0
Oklahoma,Cimarron,South,76.6,,27.0,16.0,44.0,19.0,2.0,15.0
Oklahoma,Cleveland,South,77.6,7690.0,14.0,14.0,70.0,18.0,2.8,12.0
Oklahoma,Coal,South,70.0,15140.0,30.0,20.0,43.0,27.0,4.0,19.0
Oklahoma,Comanche,South,73.2,11410.0,26.0,17.0,59.0,22.0,3.9,13.0
Oklahoma,Cotton,South,71.1,12788.0,23.0,19.0,56.0,24.0,3.1,14.0
Oklahoma,Craig,South,72.5,11484.0,28.0,19.0,41.0,27.0,3.4,15.0
Oklahoma,Creek,South,72.8,12169.0,20.0,15.0,53.0,20.0,3.4,13.0
Oklahoma,Custer,South,72.8,10914.0,21.0,14.0,61.0,20.0,2.8,15.0
Oklahoma,Delaware,South,72.5,13171.0,30.0,18.0,43.0,24.0,3.3,18.0
Oklahoma,Dewey,South,73.0,9824.0,18.0,15.0,48.0,21.0,2.0,15.0
Oklahoma,Ellis,South,72.9,14087.0,19.0,16.0,47.0,20.0,2.3,15.0
Oklahoma,Garfield,South,72.7,11681.0,21.0,16.0,51.0,21.0,3.2,16.0
Oklahoma,Garvin,South,70.5,14332.0,22.0,16.0,45.0,23.0,3.1,16.0
Oklahoma,Grady,South,74.1,10560.0,16.0,15.0,54.0,19.0,2.9,13.0
Oklahoma,Grant,South,73.5,10866.0,18.0,15.0,49.0,24.0,2.0,14.0
Oklahoma,Greer,South,73.1,9764.0,31.0,17.0,42.0,24.0,3.8,12.0
Oklahoma,Harmon,South,68.8,17825.0,37.0,16.0,49.0,23.0,2.6,18.0
Oklahoma,Harper,South,78.2,,17.0,15.0,58.0,20.0,2.3,18.0
Oklahoma,Haskell,South,70.8,14130.0,25.0,20.0,49.0,26.0,4.8,16.0
Oklahoma,Hughes,South,69.4,16289.0,30.0,19.0,43.0,26.0,4.0,15.0
Oklahoma,Jackson,South,73.0,11788.0,23.0,16.0,62.0,22.0,2.9,14.0
Oklahoma,Jefferson,South,71.6,12513.0,35.0,21.0,43.0,25.0,3.6,15.0
Oklahoma,Johnston,South,71.3,13634.0,25.0,21.0,52.0,26.0,3.8,14.0
Oklahoma,Kay,South,71.8,13038.0,27.0,17.0,54.0,21.0,3.6,14.0
Oklahoma,Kingfisher,South,76.7,7638.0,16.0,14.0,55.0,20.0,2.3,18.0
Oklahoma,Kiowa,South,70.1,14449.0,30.0,20.0,52.0,25.0,3.6,14.0
Oklahoma,Latimer,South,73.2,13194.0,29.0,19.0,48.0,27.0,4.7,14.0
Oklahoma,Le Flore,South,71.0,13655.0,25.0,19.0,44.0,26.0,4.0,19.0
Oklahoma,Lincoln,South,74.2,10343.0,31.0,16.0,48.0,22.0,3.2,16.0
Oklahoma,Logan,South,77.9,7691.0,14.0,14.0,63.0,19.0,3.1,13.0
Oklahoma,Love,South,72.5,11673.0,19.0,17.0,47.0,21.0,2.7,16.0
Oklahoma,McClain,South,75.6,8739.0,13.0,12.0,62.0,19.0,2.9,14.0
Oklahoma,McCurtain,South,68.2,17783.0,29.0,19.0,47.0,28.0,4.2,16.0
Oklahoma,McIntosh,South,70.7,14640.0,28.0,20.0,40.0,25.0,5.4,17.0
Oklahoma,Major,South,74.1,10913.0,17.0,14.0,50.0,19.0,2.6,17.0
Oklahoma,Marshall,South,73.3,11482.0,19.0,18.0,46.0,26.0,3.2,19.0
Oklahoma,Mayes,South,72.2,12606.0,23.0,18.0,52.0,24.0,3.2,14.0
Oklahoma,Murray,South,72.0,12185.0,18.0,17.0,44.0,21.0,3.4,16.0
Oklahoma,Muskogee,South,70.1,14215.0,27.0,18.0,52.0,22.0,3.9,15.0
Oklahoma,Noble,South,74.2,10225.0,17.0,14.0,59.0,19.0,2.6,12.0
Oklahoma,Nowata,South,72.0,13633.0,25.0,17.0,51.0,23.0,3.0,14.0
Oklahoma,Okfuskee,South,68.8,16294.0,28.0,21.0,41.0,27.0,4.1,15.0
Oklahoma,Oklahoma,South,73.8,10807.0,22.0,15.0,66.0,21.0,3.2,15.0
Oklahoma,Okmulgee,South,69.9,15058.0,26.0,18.0,56.0,24.0,4.2,15.0
Oklahoma,Osage,South,75.8,10240.0,19.0,15.0,54.0,21.0,3.7,14.0
Oklahoma,Ottawa,South,69.8,15080.0,27.0,19.0,54.0,26.0,3.0,16.0
Oklahoma,Pawnee,South,71.4,13688.0,22.0,16.0,44.0,20.0,3.5,14.0
Oklahoma,Payne,South,75.9,9054.0,20.0,17.0,69.0,20.0,3.0,14.0
Oklahoma,Pittsburg,South,71.3,13462.0,24.0,19.0,53.0,23.0,4.5,16.0
Oklahoma,Pontotoc,South,71.7,13577.0,16.0,15.0,60.0,22.0,3.1,16.0
Oklahoma,Pottawatomie,South,71.7,12618.0,22.0,17.0,55.0,23.0,3.6,14.0
Oklahoma,Pushmataha,South,68.6,17666.0,30.0,21.0,43.0,27.0,3.9,16.0
Oklahoma,Roger Mills,South,74.7,12123.0,27.0,15.0,61.0,20.0,2.4,13.0
Oklahoma,Rogers,South,75.9,8219.0,12.0,14.0,58.0,18.0,2.9,13.0
Oklahoma,Seminole,South,69.0,16302.0,25.0,21.0,50.0,26.0,4.8,18.0
Oklahoma,Sequoyah,South,70.3,14517.0,33.0,19.0,50.0,27.0,3.7,17.0
Oklahoma,Stephens,South,73.9,10562.0,20.0,18.0,46.0,22.0,3.5,14.0
Oklahoma,Texas,South,75.8,8313.0,15.0,17.0,50.0,25.0,2.1,19.0
Oklahoma,Tillman,South,71.8,12605.0,29.0,18.0,45.0,26.0,4.7,18.0
Oklahoma,Tulsa,South,74.4,10466.0,20.0,15.0,64.0,20.0,3.2,14.0
Oklahoma,Wagoner,South,76.4,8869.0,12.0,14.0,64.0,18.0,3.2,12.0
Oklahoma,Washington,South,74.9,9628.0,19.0,16.0,60.0,22.0,3.4,13.0
Oklahoma,Washita,South,71.5,13689.0,22.0,16.0,51.0,22.0,3.1,15.0
Oklahoma,Woods,South,76.0,8721.0,19.0,15.0,54.0,19.0,1.9,13.0
Oklahoma,Woodward,South,74.8,9578.0,19.0,16.0,46.0,22.0,3.0,17.0
Oregon,Baker,West,75.2,10080.0,20.0,15.0,66.0,19.0,4.3,7.0
Oregon,Benton,West,82.4,4158.0,12.0,13.0,83.0,15.0,3.0,6.0
Oregon,Clackamas,West,79.9,5882.0,7.0,10.0,75.0,14.0,3.4,6.0
Oregon,Clatsop,West,76.7,9302.0,19.0,14.0,68.0,15.0,3.7,9.0
Oregon,Columbia,West,77.6,7769.0,12.0,12.0,56.0,18.0,4.4,7.0
Oregon,Coos,West,74.8,10129.0,21.0,16.0,55.0,18.0,4.5,7.0
Oregon,Crook,West,78.0,7740.0,17.0,12.0,65.0,18.0,5.5,6.0
Oregon,Curry,West,73.9,11473.0,23.0,15.0,57.0,20.0,4.6,8.0
Oregon,Deschutes,West,80.9,5427.0,10.0,11.0,75.0,14.0,3.7,7.0
Oregon,Douglas,West,74.5,10750.0,21.0,15.0,59.0,20.0,4.7,7.0
Oregon,Gilliam,West,76.4,,15.0,13.0,60.0,17.0,4.2,8.0
Oregon,Grant,West,79.7,6071.0,21.0,16.0,63.0,19.0,5.0,8.0
Oregon,Harney,West,76.1,9730.0,21.0,15.0,59.0,21.0,4.2,8.0
Oregon,Hood River,West,80.8,5187.0,13.0,10.0,67.0,17.0,3.0,12.0
Oregon,Jackson,West,77.3,8096.0,14.0,14.0,64.0,20.0,4.3,8.0
Oregon,Jefferson,West,73.6,12476.0,19.0,15.0,55.0,20.0,4.6,8.0
Oregon,Josephine,West,74.6,10791.0,21.0,16.0,58.0,20.0,5.1,8.0
Oregon,Klamath,West,73.3,11782.0,24.0,16.0,58.0,20.0,5.2,9.0
Oregon,Lake,West,75.7,8124.0,21.0,17.0,57.0,21.0,5.0,10.0
Oregon,Lane,West,77.1,8116.0,14.0,15.0,70.0,20.0,4.0,8.0
Oregon,Lincoln,West,76.1,10323.0,21.0,16.0,62.0,19.0,4.2,9.0
Oregon,Linn,West,75.9,8440.0,18.0,14.0,63.0,19.0,4.1,8.0
Oregon,Malheur,West,75.1,8886.0,24.0,16.0,50.0,26.0,3.7,10.0
Oregon,Marion,West,77.5,7452.0,19.0,14.0,60.0,22.0,3.7,10.0
Oregon,Morrow,West,76.5,8669.0,15.0,15.0,38.0,24.0,3.4,11.0
Oregon,Multnomah,West,77.8,7476.0,13.0,13.0,79.0,17.0,3.6,7.0
Oregon,Polk,West,79.0,6465.0,11.0,13.0,68.0,19.0,3.8,7.0
Oregon,Sherman,West,80.2,,20.0,15.0,49.0,20.0,3.8,7.0
Oregon,Tillamook,West,75.2,10982.0,16.0,14.0,60.0,17.0,3.8,8.0
Oregon,Umatilla,West,75.9,8639.0,22.0,13.0,54.0,22.0,4.1,9.0
Oregon,Union,West,76.5,9097.0,16.0,14.0,63.0,19.0,3.9,7.0
Oregon,Wallowa,West,77.7,8462.0,16.0,13.0,72.0,16.0,4.4,8.0
Oregon,Wasco,West,75.2,9591.0,18.0,14.0,57.0,19.0,4.0,10.0
Oregon,Washington,West,81.1,4800.0,9.0,10.0,77.0,15.0,3.2,6.0
Oregon,Yamhill,West,78.1,6773.0,10.0,13.0,63.0,17.0,3.5,8.0
Pennsylvania,Adams,Northeast,78.8,6266.0,13.0,10.0,59.0,17.0,2.6,7.0
Pennsylvania,Allegheny,Northeast,76.9,8412.0,15.0,11.0,81.0,16.0,3.3,5.0
Pennsylvania,Armstrong,Northeast,75.3,9779.0,15.0,13.0,55.0,20.0,3.9,6.0
Pennsylvania,Beaver,Northeast,75.6,9406.0,13.0,12.0,69.0,16.0,4.1,5.0
Pennsylvania,Bedford,Northeast,76.2,9316.0,14.0,13.0,52.0,19.0,3.5,7.0
Pennsylvania,Berks,Northeast,77.8,7368.0,18.0,12.0,58.0,18.0,3.5,7.0
Pennsylvania,Blair,Northeast,74.7,10059.0,18.0,13.0,57.0,20.0,3.3,6.0
Pennsylvania,Bradford,Northeast,77.2,7655.0,18.0,13.0,52.0,18.0,3.3,8.0
Pennsylvania,Bucks,Northeast,79.1,6421.0,8.0,9.0,73.0,16.0,3.0,5.0
Pennsylvania,Butler,Northeast,77.8,7053.0,10.0,11.0,74.0,13.0,3.1,4.0
Pennsylvania,Cambria,Northeast,74.6,10679.0,18.0,14.0,63.0,19.0,4.1,5.0
Pennsylvania,Cameron,Northeast,74.6,11439.0,26.0,16.0,50.0,22.0,5.0,7.0
Pennsylvania,Carbon,Northeast,74.5,10784.0,18.0,13.0,56.0,18.0,3.9,7.0
Pennsylvania,Centre,Northeast,81.3,4450.0,10.0,11.0,72.0,17.0,2.7,6.0
Pennsylvania,Chester,Northeast,81.0,4898.0,7.0,8.0,80.0,13.0,2.6,6.0
Pennsylvania,Clarion,Northeast,74.9,9304.0,17.0,13.0,55.0,18.0,4.2,8.0
Pennsylvania,Clearfield,Northeast,75.9,8758.0,20.0,14.0,54.0,20.0,3.9,6.0
Pennsylvania,Clinton,Northeast,76.6,8572.0,19.0,14.0,49.0,19.0,4.0,9.0
Pennsylvania,Columbia,Northeast,76.5,8535.0,14.0,13.0,58.0,18.0,3.6,6.0
Pennsylvania,Crawford,Northeast,75.5,9369.0,18.0,14.0,51.0,19.0,3.7,10.0
Pennsylvania,Cumberland,Northeast,79.3,5769.0,9.0,10.0,70.0,16.0,2.7,5.0
Pennsylvania,Dauphin,Northeast,76.8,8617.0,19.0,11.0,67.0,19.0,3.2,7.0
Pennsylvania,Delaware,Northeast,77.6,7708.0,14.0,10.0,73.0,14.0,3.2,5.0
Pennsylvania,Elk,Northeast,76.6,9196.0,14.0,12.0,58.0,17.0,3.3,6.0
Pennsylvania,Erie,Northeast,76.0,9059.0,21.0,14.0,63.0,19.0,3.8,6.0
Pennsylvania,Fayette,Northeast,72.6,12648.0,27.0,16.0,51.0,21.0,4.5,6.0
Pennsylvania,Forest,Northeast,70.9,,29.0,17.0,32.0,24.0,5.2,8.0
Pennsylvania,Franklin,Northeast,77.2,7611.0,11.0,11.0,54.0,18.0,2.9,9.0
Pennsylvania,Fulton,Northeast,75.7,9131.0,19.0,13.0,55.0,17.0,3.1,6.0
Pennsylvania,Greene,Northeast,74.3,9516.0,18.0,14.0,51.0,19.0,3.7,6.0
Pennsylvania,Huntingdon,Northeast,77.0,8075.0,18.0,13.0,46.0,19.0,4.3,6.0
Pennsylvania,Indiana,Northeast,75.2,10212.0,19.0,13.0,64.0,18.0,4.1,8.0
Pennsylvania,Jefferson,Northeast,75.9,8531.0,24.0,14.0,46.0,20.0,3.8,9.0
Pennsylvania,Juniata,Northeast,75.9,9055.0,13.0,12.0,42.0,20.0,3.4,12.0
Pennsylvania,Lackawanna,Northeast,75.8,9256.0,20.0,14.0,63.0,18.0,3.7,6.0
Pennsylvania,Lancaster,Northeast,78.8,6922.0,12.0,10.0,60.0,17.0,2.7,12.0
Pennsylvania,Lawrence,Northeast,73.7,11919.0,19.0,14.0,58.0,18.0,4.2,7.0
Pennsylvania,Lebanon,Northeast,77.4,7405.0,11.0,12.0,57.0,17.0,2.8,10.0
Pennsylvania,Lehigh,Northeast,78.0,7048.0,18.0,12.0,65.0,19.0,3.6,7.0
Pennsylvania,Luzerne,Northeast,74.8,10192.0,25.0,14.0,60.0,20.0,4.3,7.0
Pennsylvania,Lycoming,Northeast,76.1,8832.0,17.0,13.0,60.0,17.0,3.5,7.0
Pennsylvania,McKean,Northeast,74.7,9782.0,21.0,15.0,49.0,17.0,4.4,6.0
Pennsylvania,Mercer,Northeast,74.6,10603.0,19.0,14.0,60.0,18.0,3.8,7.0
Pennsylvania,Mifflin,Northeast,75.3,9940.0,22.0,15.0,42.0,21.0,3.5,11.0
Pennsylvania,Monroe,Northeast,76.8,8567.0,14.0,11.0,61.0,18.0,4.5,7.0
Pennsylvania,Montgomery,Northeast,80.0,5470.0,8.0,9.0,80.0,14.0,2.8,4.0
Pennsylvania,Montour,Northeast,77.5,7811.0,13.0,11.0,74.0,18.0,2.7,4.0
Pennsylvania,Northampton,Northeast,78.9,6471.0,15.0,11.0,69.0,17.0,3.5,6.0
Pennsylvania,Northumberland,Northeast,75.6,9225.0,16.0,13.0,53.0,19.0,4.0,7.0
Pennsylvania,Perry,Northeast,76.5,8792.0,15.0,11.0,49.0,18.0,2.9,10.0
Pennsylvania,Philadelphia,Northeast,73.9,11854.0,26.0,15.0,69.0,24.0,4.2,8.0
Pennsylvania,Pike,Northeast,79.3,7178.0,13.0,12.0,66.0,16.0,4.6,7.0
Pennsylvania,Potter,Northeast,76.4,8388.0,18.0,14.0,49.0,18.0,4.8,7.0
Pennsylvania,Schuylkill,Northeast,74.5,10001.0,21.0,13.0,53.0,20.0,4.0,7.0
Pennsylvania,Snyder,Northeast,79.7,6209.0,14.0,12.0,47.0,16.0,3.4,10.0
Pennsylvania,Somerset,Northeast,75.7,9157.0,16.0,13.0,49.0,20.0,4.0,8.0
Pennsylvania,Sullivan,Northeast,76.2,9177.0,20.0,13.0,44.0,22.0,3.9,8.0
Pennsylvania,Susquehanna,Northeast,76.6,8504.0,16.0,13.0,50.0,15.0,3.2,9.0
Pennsylvania,Tioga,Northeast,76.3,9305.0,18.0,14.0,54.0,18.0,3.8,8.0
Pennsylvania,Union,Northeast,80.3,4897.0,12.0,12.0,46.0,19.0,2.9,9.0
Pennsylvania,Venango,Northeast,74.5,10820.0,21.0,14.0,52.0,18.0,4.2,7.0
Pennsylvania,Warren,Northeast,75.5,9023.0,17.0,13.0,58.0,19.0,3.7,6.0
Pennsylvania,Washington,Northeast,75.9,9243.0,12.0,12.0,71.0,17.0,3.4,6.0
Pennsylvania,Wayne,Northeast,76.5,8326.0,17.0,13.0,47.0,20.0,3.9,7.0
Pennsylvania,Westmoreland,Northeast,76.6,8507.0,14.0,12.0,72.0,14.0,3.5,5.0
Pennsylvania,Wyoming,Northeast,75.4,9243.0,17.0,12.0,52.0,19.0,3.7,5.0
Pennsylvania,York,Northeast,77.5,7602.0,12.0,10.0,62.0,16.0,3.0,6.0
Rhode Island,Bristol,Northeast,80.7,4741.0,8.0,8.0,78.0,13.0,2.5,4.0
Rhode Island,Kent,Northeast,78.2,6716.0,11.0,9.0,72.0,13.0,2.7,4.0
Rhode Island,Newport,Northeast,82.1,4880.0,14.0,9.0,78.0,12.0,2.6,4.0
Rhode Island,Providence,Northeast,78.2,7036.0,17.0,12.0,67.0,17.0,3.3,6.0
Rhode Island,Washington,Northeast,80.3,5474.0,11.0,8.0,80.0,11.0,2.5,4.0
South Carolina,Abbeville,South,72.9,12941.0,22.0,13.0,56.0,19.0,3.7,12.0
South Carolina,Aiken,South,73.5,12449.0,18.0,13.0,63.0,19.0,3.0,11.0
South Carolina,Allendale,South,69.5,16836.0,45.0,17.0,43.0,27.0,5.3,14.0
South Carolina,Anderson,South,73.2,11472.0,18.0,13.0,62.0,16.0,2.8,12.0
South Carolina,Bamberg,South,70.6,15722.0,36.0,15.0,57.0,24.0,5.3,14.0
South Carolina,Barnwell,South,69.6,17191.0,46.0,17.0,44.0,24.0,4.3,13.0
South Carolina,Beaufort,South,80.6,7369.0,14.0,11.0,64.0,14.0,2.8,11.0
South Carolina,Berkeley,South,76.7,9015.0,13.0,11.0,68.0,15.0,2.7,10.0
South Carolina,Calhoun,South,72.5,14695.0,24.0,13.0,66.0,21.0,3.3,11.0
South Carolina,Charleston,South,77.9,8317.0,14.0,11.0,79.0,12.0,2.4,10.0
South Carolina,Cherokee,South,70.6,14798.0,24.0,15.0,53.0,20.0,4.2,11.0
South Carolina,Chester,South,68.6,17890.0,31.0,14.0,51.0,21.0,3.9,11.0
South Carolina,Chesterfield,South,70.9,14470.0,30.0,15.0,48.0,21.0,3.2,12.0
South Carolina,Clarendon,South,71.2,15443.0,30.0,14.0,50.0,22.0,4.0,13.0
South Carolina,Colleton,South,68.6,17986.0,34.0,13.0,47.0,22.0,3.1,13.0
South Carolina,Darlington,South,69.9,15869.0,30.0,14.0,57.0,20.0,3.3,11.0
South Carolina,Dillon,South,67.2,19641.0,35.0,18.0,44.0,32.0,4.4,13.0
South Carolina,Dorchester,South,76.4,8693.0,13.0,11.0,67.0,17.0,2.6,10.0
South Carolina,Edgefield,South,74.6,11214.0,22.0,13.0,49.0,22.0,3.1,13.0
South Carolina,Fairfield,South,68.8,18564.0,33.0,13.0,48.0,25.0,4.0,10.0
South Carolina,Florence,South,70.8,14827.0,28.0,12.0,62.0,19.0,3.0,11.0
South Carolina,Georgetown,South,73.5,13428.0,23.0,13.0,63.0,17.0,3.3,12.0
South Carolina,Greenville,South,76.1,9142.0,15.0,12.0,71.0,13.0,2.6,10.0
South Carolina,Greenwood,South,72.9,13119.0,24.0,13.0,58.0,20.0,3.5,12.0
South Carolina,Hampton,South,70.3,16172.0,32.0,13.0,36.0,25.0,2.8,13.0
South Carolina,Horry,South,74.6,11747.0,20.0,14.0,62.0,17.0,3.4,15.0
South Carolina,Jasper,South,74.1,12832.0,29.0,13.0,56.0,20.0,2.6,16.0
South Carolina,Kershaw,South,73.2,12077.0,18.0,13.0,63.0,18.0,3.0,10.0
South Carolina,Lancaster,South,75.3,11214.0,14.0,12.0,66.0,16.0,3.3,10.0
South Carolina,Laurens,South,71.5,13904.0,24.0,15.0,49.0,19.0,3.2,13.0
South Carolina,Lee,South,68.8,17808.0,34.0,16.0,48.0,28.0,3.9,11.0
South Carolina,Lexington,South,76.1,8865.0,14.0,12.0,68.0,15.0,2.5,10.0
South Carolina,McCormick,South,73.3,14226.0,33.0,12.0,48.0,19.0,3.3,10.0
South Carolina,Marion,South,68.2,18732.0,36.0,16.0,36.0,26.0,4.4,12.0
South Carolina,Marlboro,South,69.1,17178.0,36.0,19.0,33.0,28.0,7.2,12.0
South Carolina,Newberry,South,72.5,13000.0,28.0,13.0,55.0,20.0,2.9,12.0
South Carolina,Oconee,South,75.0,10456.0,20.0,15.0,64.0,16.0,2.8,13.0
South Carolina,Orangeburg,South,70.1,16385.0,29.0,15.0,52.0,23.0,4.4,11.0
South Carolina,Pickens,South,74.6,10324.0,18.0,14.0,62.0,18.0,2.9,12.0
South Carolina,Richland,South,75.5,9521.0,20.0,12.0,74.0,17.0,3.0,10.0
South Carolina,Saluda,South,73.9,10984.0,24.0,14.0,57.0,20.0,2.8,14.0
South Carolina,Spartanburg,South,73.8,11013.0,20.0,13.0,61.0,16.0,2.9,12.0
South Carolina,Sumter,South,72.1,13356.0,24.0,12.0,64.0,19.0,3.8,11.0
South Carolina,Union,South,69.0,16927.0,35.0,17.0,47.0,25.0,4.1,11.0
South Carolina,Williamsburg,South,70.4,15828.0,32.0,15.0,43.0,25.0,4.8,11.0
South Carolina,York,South,76.3,8297.0,12.0,10.0,74.0,15.0,2.8,9.0
South Dakota,Aurora,Midwest,75.9,,15.0,9.0,67.0,13.0,1.6,11.0
South Dakota,Beadle,Midwest,78.4,7497.0,19.0,10.0,55.0,19.0,1.8,13.0
South Dakota,Bennett,Midwest,67.9,21695.0,36.0,18.0,55.0,23.0,3.1,14.0
South Dakota,Bon Homme,Midwest,76.6,7595.0,10.0,11.0,48.0,15.0,1.9,9.0
South Dakota,Brookings,Midwest,79.9,6178.0,7.0,10.0,79.0,12.0,2.0,8.0
South Dakota,Brown,Midwest,78.5,6876.0,10.0,11.0,70.0,12.0,2.0,10.0
South Dakota,Brule,Midwest,79.1,8506.0,15.0,13.0,70.0,17.0,1.7,13.0
South Dakota,Buffalo,Midwest,54.0,46418.0,38.0,23.0,39.0,32.0,4.4,13.0
South Dakota,Butte,Midwest,78.6,5772.0,15.0,10.0,55.0,15.0,1.9,14.0
South Dakota,Charles Mix,Midwest,71.4,16779.0,26.0,15.0,62.0,18.0,2.2,16.0
South Dakota,Clark,Midwest,81.0,,14.0,10.0,54.0,14.0,2.0,9.0
South Dakota,Clay,Midwest,77.2,7573.0,15.0,13.0,75.0,16.0,2.1,10.0
South Dakota,Codington,Midwest,78.8,6602.0,12.0,11.0,64.0,15.0,1.8,10.0
South Dakota,Corson,Midwest,58.7,37698.0,40.0,23.0,43.0,27.0,3.0,10.0
South Dakota,Custer,Midwest,81.5,5543.0,13.0,11.0,64.0,12.0,2.5,13.0
South Dakota,Davison,Midwest,78.5,7039.0,12.0,13.0,63.0,16.0,1.7,11.0
South Dakota,Day,Midwest,78.3,6776.0,17.0,13.0,66.0,15.0,2.7,13.0
South Dakota,Deuel,Midwest,79.2,,9.0,9.0,72.0,15.0,2.8,10.0
South Dakota,Dewey,Midwest,56.7,41916.0,29.0,20.0,46.0,26.0,5.7,18.0
South Dakota,Douglas,Midwest,80.9,,11.0,12.0,66.0,15.0,1.9,13.0
South Dakota,Edmunds,Midwest,79.1,,12.0,9.0,72.0,14.0,2.0,10.0
South Dakota,Fall River,Midwest,72.9,12519.0,20.0,15.0,66.0,16.0,2.6,13.0
South Dakota,Faulk,Midwest,77.2,,16.0,15.0,67.0,16.0,1.8,11.0
South Dakota,Grant,Midwest,78.5,5749.0,12.0,11.0,74.0,13.0,2.4,10.0
South Dakota,Gregory,Midwest,73.7,13035.0,17.0,11.0,60.0,17.0,1.9,15.0
South Dakota,Haakon,Midwest,80.1,,13.0,11.0,57.0,15.0,1.8,10.0
South Dakota,Hamlin,Midwest,77.3,6695.0,8.0,8.0,58.0,13.0,1.8,12.0
South Dakota,Hand,Midwest,78.5,,9.0,11.0,80.0,13.0,1.6,10.0
South Dakota,Hanson,Midwest,78.1,,11.0,8.0,69.0,13.0,2.2,9.0
South Dakota,Hughes,Midwest,75.7,10072.0,11.0,10.0,68.0,12.0,1.6,8.0
South Dakota,Hutchinson,Midwest,78.7,6740.0,14.0,11.0,74.0,14.0,2.1,9.0
South Dakota,Jackson,Midwest,64.1,24380.0,36.0,22.0,40.0,25.0,3.2,16.0
South Dakota,Jerauld,Midwest,83.0,,17.0,10.0,62.0,14.0,1.7,9.0
South Dakota,Kingsbury,Midwest,79.4,4945.0,12.0,10.0,60.0,13.0,1.9,10.0
South Dakota,Lake,Midwest,79.8,6000.0,9.0,10.0,71.0,11.0,1.9,10.0
South Dakota,Lawrence,Midwest,79.4,6603.0,11.0,12.0,72.0,13.0,1.9,11.0
South Dakota,Lincoln,Midwest,83.8,4503.0,4.0,8.0,80.0,10.0,1.6,7.0
South Dakota,Lyman,Midwest,68.3,20854.0,26.0,17.0,58.0,21.0,2.8,14.0
South Dakota,McCook,Midwest,76.7,6584.0,9.0,9.0,75.0,13.0,1.7,11.0
South Dakota,McPherson,Midwest,81.7,,19.0,12.0,64.0,14.0,2.4,8.0
South Dakota,Marshall,Midwest,79.3,,14.0,10.0,65.0,13.0,2.5,10.0
South Dakota,Meade,Midwest,78.5,7283.0,9.0,10.0,74.0,12.0,2.1,9.0
South Dakota,Mellette,Midwest,61.6,32895.0,33.0,25.0,38.0,26.0,3.2,14.0
South Dakota,Miner,Midwest,77.9,,10.0,12.0,69.0,14.0,1.7,11.0
South Dakota,Minnehaha,Midwest,77.0,7472.0,10.0,10.0,72.0,11.0,1.8,9.0
South Dakota,Moody,Midwest,75.8,9921.0,11.0,11.0,68.0,14.0,2.0,12.0
South Dakota,Oglala Lakota,Midwest,56.9,40417.0,41.0,29.0,29.0,35.0,5.8,14.0
South Dakota,Pennington,Midwest,76.1,10606.0,16.0,12.0,71.0,14.0,1.9,11.0
South Dakota,Perkins,Midwest,78.7,,18.0,11.0,69.0,11.0,2.0,12.0
South Dakota,Potter,Midwest,80.7,,11.0,9.0,67.0,13.0,2.4,8.0
South Dakota,Roberts,Midwest,72.2,15878.0,20.0,14.0,62.0,20.0,3.1,15.0
South Dakota,Sanborn,Midwest,77.4,,13.0,10.0,59.0,14.0,1.8,11.0
South Dakota,Spink,Midwest,77.2,8813.0,13.0,11.0,63.0,14.0,2.2,11.0
South Dakota,Stanley,Midwest,78.6,,9.0,8.0,59.0,13.0,1.8,10.0
South Dakota,Todd,Midwest,58.7,34850.0,38.0,27.0,42.0,33.0,3.4,13.0
South Dakota,Tripp,Midwest,74.5,13290.0,21.0,14.0,54.0,19.0,1.6,16.0
South Dakota,Turner,Midwest,78.0,6883.0,8.0,10.0,64.0,14.0,1.9,10.0
South Dakota,Union,Midwest,80.8,4783.0,6.0,10.0,75.0,12.0,2.1,7.0
South Dakota,Walworth,Midwest,76.9,9035.0,19.0,12.0,70.0,15.0,3.2,12.0
South Dakota,Yankton,Midwest,79.2,6346.0,12.0,10.0,66.0,13.0,1.8,10.0
South Dakota,Ziebach,Midwest,65.8,25118.0,56.0,23.0,41.0,28.0,4.4,12.0
Tennessee,Anderson,South,72.6,12679.0,18.0,17.0,64.0,18.0,3.2,11.0
Tennessee,Bedford,South,72.8,11720.0,19.0,14.0,48.0,22.0,3.3,13.0
Tennessee,Benton,South,70.5,14781.0,27.0,19.0,48.0,23.0,4.1,13.0
Tennessee,Bledsoe,South,76.3,9902.0,28.0,21.0,24.0,27.0,5.3,16.0
Tennessee,Blount,South,74.8,10637.0,13.0,13.0,58.0,18.0,3.0,11.0
Tennessee,Bradley,South,73.7,10765.0,19.0,16.0,61.0,20.0,3.5,11.0
Tennessee,Campbell,South,68.6,18369.0,26.0,20.0,43.0,24.0,4.1,12.0
Tennessee,Cannon,South,71.3,15228.0,22.0,16.0,52.0,22.0,2.9,13.0
Tennessee,Carroll,South,70.6,14102.0,22.0,16.0,56.0,25.0,4.1,10.0
Tennessee,Carter,South,72.7,12616.0,23.0,18.0,58.0,24.0,3.7,13.0
Tennessee,Cheatham,South,72.3,12437.0,12.0,13.0,61.0,17.0,2.6,12.0
Tennessee,Chester,South,72.8,11996.0,21.0,14.0,58.0,24.0,3.1,11.0
Tennessee,Claiborne,South,71.1,14193.0,27.0,19.0,54.0,23.0,3.9,12.0
Tennessee,Clay,South,71.9,13083.0,30.0,20.0,41.0,25.0,4.4,13.0
Tennessee,Cocke,South,68.0,18377.0,29.0,20.0,39.0,26.0,4.5,13.0
Tennessee,Coffee,South,71.8,12880.0,19.0,17.0,50.0,24.0,3.4,11.0
Tennessee,Crockett,South,71.7,12899.0,21.0,15.0,50.0,24.0,3.3,13.0
Tennessee,Cumberland,South,73.4,12953.0,24.0,16.0,42.0,21.0,4.2,13.0
Tennessee,Davidson,South,75.1,10529.0,17.0,13.0,75.0,20.0,2.7,13.0
Tennessee,Decatur,South,70.7,14620.0,24.0,17.0,48.0,24.0,4.5,12.0
Tennessee,DeKalb,South,71.7,13348.0,22.0,19.0,45.0,27.0,4.1,14.0
Tennessee,Dickson,South,73.1,11706.0,14.0,14.0,59.0,20.0,2.7,11.0
Tennessee,Dyer,South,69.9,14992.0,24.0,16.0,53.0,24.0,3.5,11.0
Tennessee,Fayette,South,75.2,11140.0,19.0,12.0,63.0,18.0,3.6,10.0
Tennessee,Fentress,South,70.1,15614.0,27.0,19.0,53.0,26.0,3.8,13.0
Tennessee,Franklin,South,73.8,10893.0,19.0,16.0,50.0,23.0,3.5,10.0
Tennessee,Gibson,South,70.3,13993.0,19.0,15.0,54.0,23.0,3.5,12.0
Tennessee,Giles,South,71.6,13405.0,22.0,14.0,51.0,22.0,3.3,11.0
Tennessee,Grainger,South,71.3,14203.0,22.0,18.0,50.0,26.0,3.7,12.0
Tennessee,Greene,South,72.0,12932.0,20.0,17.0,48.0,23.0,4.2,12.0
Tennessee,Grundy,South,69.7,16198.0,27.0,19.0,41.0,23.0,4.5,14.0
Tennessee,Hamblen,South,71.1,13647.0,22.0,17.0,51.0,22.0,3.6,13.0
Tennessee,Hamilton,South,75.6,10011.0,19.0,13.0,73.0,18.0,3.2,11.0
Tennessee,Hancock,South,70.8,15408.0,36.0,24.0,48.0,30.0,4.4,11.0
Tennessee,Hardeman,South,70.3,15497.0,30.0,15.0,38.0,26.0,4.4,10.0
Tennessee,Hardin,South,70.8,15010.0,24.0,18.0,49.0,21.0,4.0,13.0
Tennessee,Hawkins,South,71.5,13677.0,22.0,18.0,55.0,21.0,3.9,11.0
Tennessee,Haywood,South,70.5,16656.0,29.0,17.0,46.0,29.0,4.4,12.0
Tennessee,Henderson,South,71.7,12842.0,18.0,17.0,40.0,24.0,3.7,12.0
Tennessee,Henry,South,72.2,12808.0,26.0,18.0,46.0,24.0,3.8,12.0
Tennessee,Hickman,South,69.9,15711.0,22.0,16.0,48.0,22.0,2.8,13.0
Tennessee,Houston,South,70.9,14336.0,23.0,16.0,46.0,22.0,4.6,13.0
Tennessee,Humphreys,South,71.5,13926.0,20.0,15.0,52.0,24.0,3.3,13.0
Tennessee,Jackson,South,71.9,13795.0,27.0,19.0,41.0,25.0,4.1,14.0
Tennessee,Jefferson,South,72.9,12482.0,18.0,15.0,55.0,19.0,3.5,12.0
Tennessee,Johnson,South,72.3,13388.0,28.0,19.0,31.0,23.0,3.2,13.0
Tennessee,Knox,South,74.2,11096.0,16.0,13.0,72.0,17.0,2.8,10.0
Tennessee,Lake,South,70.3,13425.0,45.0,23.0,28.0,29.0,4.3,14.0
Tennessee,Lauderdale,South,70.7,14551.0,37.0,17.0,37.0,28.0,5.1,12.0
Tennessee,Lawrence,South,71.8,12411.0,20.0,16.0,52.0,23.0,3.5,13.0
Tennessee,Lewis,South,71.5,13691.0,21.0,18.0,55.0,26.0,3.3,14.0
Tennessee,Lincoln,South,72.2,13045.0,19.0,14.0,45.0,19.0,3.2,11.0
Tennessee,Loudon,South,75.4,10983.0,16.0,14.0,54.0,20.0,3.3,11.0
Tennessee,McMinn,South,71.3,14154.0,20.0,16.0,53.0,20.0,4.2,12.0
Tennessee,McNairy,South,70.3,14361.0,21.0,16.0,47.0,24.0,4.7,13.0
Tennessee,Macon,South,71.5,12856.0,22.0,17.0,34.0,23.0,3.1,14.0
Tennessee,Madison,South,73.2,12327.0,28.0,15.0,58.0,22.0,3.3,11.0
Tennessee,Marion,South,72.0,13069.0,22.0,17.0,53.0,22.0,3.9,12.0
Tennessee,Marshall,South,73.6,10469.0,15.0,15.0,55.0,23.0,3.2,11.0
Tennessee,Maury,South,75.1,9706.0,14.0,12.0,64.0,18.0,2.8,10.0
Tennessee,Meigs,South,69.1,17657.0,23.0,17.0,40.0,19.0,5.0,11.0
Tennessee,Monroe,South,70.8,15494.0,21.0,17.0,46.0,24.0,3.6,12.0
Tennessee,Montgomery,South,74.0,10082.0,16.0,13.0,70.0,20.0,3.7,9.0
Tennessee,Moore,South,77.7,7298.0,13.0,12.0,54.0,20.0,2.5,10.0
Tennessee,Morgan,South,71.9,13305.0,20.0,19.0,40.0,25.0,4.0,12.0
Tennessee,Obion,South,71.9,12716.0,27.0,17.0,51.0,23.0,3.8,13.0
Tennessee,Overton,South,71.8,12599.0,19.0,17.0,41.0,23.0,3.5,12.0
Tennessee,Perry,South,73.2,11958.0,26.0,17.0,45.0,24.0,5.2,14.0
Tennessee,Pickett,South,75.4,9469.0,25.0,20.0,50.0,26.0,4.1,17.0
Tennessee,Polk,South,70.7,14384.0,20.0,16.0,51.0,22.0,3.9,13.0
Tennessee,Putnam,South,73.4,10996.0,19.0,16.0,61.0,20.0,3.5,11.0
Tennessee,Rhea,South,71.4,13334.0,21.0,17.0,42.0,25.0,4.5,13.0
Tennessee,Roane,South,72.6,13431.0,17.0,15.0,51.0,19.0,3.6,9.0
Tennessee,Robertson,South,72.7,11572.0,14.0,12.0,56.0,20.0,2.7,12.0
Tennessee,Rutherford,South,76.0,8620.0,12.0,12.0,69.0,20.0,2.6,10.0
Tennessee,Scott,South,71.4,13103.0,25.0,23.0,40.0,25.0,4.8,13.0
Tennessee,Sequatchie,South,75.2,11115.0,22.0,19.0,43.0,26.0,3.9,15.0
Tennessee,Sevier,South,73.7,11507.0,18.0,15.0,55.0,20.0,3.0,15.0
Tennessee,Shelby,South,71.8,14564.0,28.0,13.0,64.0,22.0,4.3,11.0
Tennessee,Smith,South,72.0,12786.0,17.0,16.0,52.0,20.0,3.0,12.0
Tennessee,Stewart,South,72.9,12355.0,18.0,15.0,51.0,20.0,3.6,12.0
Tennessee,Sullivan,South,72.7,12612.0,19.0,16.0,63.0,19.0,3.5,11.0
Tennessee,Sumner,South,75.6,9307.0,12.0,12.0,67.0,17.0,2.6,10.0
Tennessee,Tipton,South,72.3,12118.0,25.0,13.0,60.0,21.0,3.8,10.0
Tennessee,Trousdale,South,72.0,12221.0,17.0,13.0,34.0,22.0,3.1,9.0
Tennessee,Unicoi,South,71.2,13765.0,22.0,18.0,59.0,26.0,4.2,11.0
Tennessee,Union,South,69.8,16951.0,23.0,17.0,45.0,22.0,3.8,13.0
Tennessee,Van Buren,South,70.4,15544.0,24.0,19.0,43.0,24.0,4.5,11.0
Tennessee,Warren,South,72.5,11917.0,23.0,17.0,41.0,27.0,4.1,15.0
Tennessee,Washington,South,73.9,10757.0,18.0,16.0,70.0,21.0,3.3,12.0
Tennessee,Wayne,South,73.7,10259.0,24.0,18.0,50.0,26.0,4.0,11.0
Tennessee,Weakley,South,72.8,11927.0,21.0,17.0,56.0,21.0,3.6,12.0
Tennessee,White,South,71.6,13272.0,20.0,16.0,52.0,24.0,3.5,14.0
Tennessee,Williamson,South,81.5,4407.0,5.0,9.0,86.0,12.0,2.5,6.0
Tennessee,Wilson,South,76.1,8720.0,8.0,12.0,72.0,17.0,2.7,9.0
Texas,Anderson,South,72.0,11854.0,25.0,17.0,46.0,22.0,3.5,18.0
Texas,Andrews,South,74.6,9227.0,13.0,16.0,45.0,25.0,3.0,23.0
Texas,Angelina,South,72.6,12483.0,25.0,19.0,54.0,25.0,4.4,20.0
Texas,Aransas,South,73.3,12795.0,28.0,19.0,52.0,24.0,4.9,21.0
Texas,Archer,South,77.7,8958.0,13.0,16.0,64.0,18.0,3.5,17.0
Texas,Armstrong,South,69.7,,15.0,12.0,51.0,18.0,3.3,12.0
Texas,Atascosa,South,74.0,10228.0,23.0,16.0,46.0,25.0,3.8,20.0
Texas,Austin,South,76.5,9126.0,18.0,15.0,53.0,21.0,3.7,19.0
Texas,Bailey,South,74.5,11523.0,23.0,16.0,29.0,23.0,4.7,27.0
Texas,Bandera,South,76.9,9278.0,19.0,17.0,57.0,18.0,3.5,19.0
Texas,Bastrop,South,76.7,8981.0,16.0,15.0,51.0,21.0,3.4,21.0
Texas,Baylor,South,70.1,15002.0,23.0,18.0,45.0,18.0,2.5,17.0
Texas,Bee,South,73.1,11511.0,28.0,20.0,40.0,28.0,5.1,16.0
Texas,Bell,South,75.5,9433.0,16.0,17.0,67.0,20.0,4.5,16.0
Texas,Bexar,South,76.1,8758.0,19.0,17.0,65.0,24.0,3.7,18.0
Texas,Blanco,South,78.0,8451.0,13.0,15.0,62.0,19.0,2.8,18.0
Texas,Bosque,South,73.6,12030.0,19.0,17.0,57.0,23.0,3.5,20.0
Texas,Bowie,South,72.3,12278.0,20.0,17.0,51.0,22.0,4.2,16.0
Texas,Brazoria,South,76.9,7616.0,12.0,13.0,67.0,19.0,4.4,15.0
Texas,Brazos,South,79.0,6298.0,19.0,17.0,71.0,21.0,3.1,16.0
Texas,Brewster,South,79.7,8718.0,20.0,18.0,80.0,18.0,3.2,23.0
Texas,Brooks,South,70.3,15029.0,45.0,26.0,36.0,34.0,5.5,18.0
Texas,Brown,South,72.3,11762.0,22.0,18.0,55.0,21.0,4.3,18.0
Texas,Burleson,South,74.6,10434.0,21.0,15.0,57.0,22.0,3.6,21.0
Texas,Burnet,South,76.9,8879.0,14.0,14.0,51.0,20.0,3.1,20.0
Texas,Caldwell,South,75.7,9139.0,19.0,17.0,43.0,25.0,3.5,23.0
Texas,Calhoun,South,75.6,9452.0,22.0,16.0,51.0,20.0,3.3,17.0
Texas,Callahan,South,73.5,11448.0,18.0,16.0,58.0,19.0,3.6,18.0
Texas,Cameron,South,76.3,9065.0,34.0,22.0,54.0,37.0,5.4,25.0
Texas,Camp,South,70.7,14544.0,26.0,19.0,52.0,24.0,4.4,20.0
Texas,Carson,South,72.1,12962.0,13.0,13.0,73.0,16.0,3.0,15.0
Texas,Cass,South,70.7,14420.0,23.0,19.0,50.0,23.0,4.7,18.0
Texas,Castro,South,75.4,10360.0,22.0,15.0,51.0,25.0,3.1,25.0
Texas,Chambers,South,76.2,8173.0,10.0,16.0,70.0,19.0,5.4,14.0
Texas,Cherokee,South,73.1,11652.0,28.0,17.0,46.0,25.0,4.4,20.0
Texas,Childress,South,73.6,9806.0,24.0,16.0,44.0,24.0,2.8,18.0
Texas,Clay,South,75.7,9703.0,17.0,16.0,57.0,17.0,3.7,16.0
Texas,Cochran,South,71.4,14047.0,34.0,23.0,36.0,34.0,4.0,23.0
Texas,Coke,South,74.0,,19.0,19.0,49.0,24.0,3.3,18.0
Texas,Coleman,South,70.5,13602.0,27.0,19.0,44.0,21.0,4.6,22.0
Texas,Collin,South,81.3,4576.0,7.0,12.0,82.0,12.0,3.5,11.0
Texas,Collingsworth,South,71.2,,32.0,19.0,46.0,25.0,3.6,26.0
Texas,Colorado,South,74.0,11859.0,22.0,13.0,54.0,22.0,3.5,23.0
Texas,Comal,South,78.3,6848.0,9.0,14.0,74.0,16.0,3.6,13.0
Texas,Comanche,South,74.8,9700.0,27.0,17.0,51.0,23.0,3.6,22.0
Texas,Concho,South,84.2,,27.0,18.0,38.0,28.0,3.1,17.0
Texas,Cooke,South,76.6,8596.0,19.0,16.0,54.0,19.0,3.3,18.0
Texas,Coryell,South,75.3,8665.0,16.0,17.0,63.0,22.0,4.5,15.0
Texas,Crane,South,73.5,11492.0,16.0,12.0,28.0,26.0,4.5,23.0
Texas,Crockett,South,71.2,13152.0,21.0,15.0,51.0,25.0,3.3,27.0
Texas,Crosby,South,69.3,16653.0,33.0,22.0,40.0,27.0,4.2,22.0
Texas,Culberson,South,73.1,,34.0,21.0,48.0,30.0,3.2,23.0
Texas,Dallam,South,70.4,15212.0,16.0,14.0,39.0,25.0,2.6,28.0
Texas,Dallas,South,76.7,8431.0,20.0,16.0,63.0,21.0,3.8,24.0
Texas,Dawson,South,70.7,12751.0,26.0,21.0,44.0,30.0,4.2,22.0
Texas,Deaf Smith,South,74.2,9743.0,22.0,17.0,26.0,35.0,3.1,23.0
Texas,Delta,South,72.0,13605.0,23.0,16.0,61.0,18.0,4.5,14.0
Texas,Denton,South,80.7,5062.0,6.0,13.0,78.0,14.0,3.5,12.0
Texas,DeWitt,South,74.6,10221.0,24.0,18.0,46.0,23.0,3.3,19.0
Texas,Dickens,South,73.3,,28.0,18.0,38.0,23.0,5.1,19.0
Texas,Dimmit,South,71.0,14362.0,36.0,29.0,41.0,40.0,3.2,19.0
Texas,Donley,South,73.3,10599.0,26.0,15.0,60.0,21.0,3.9,21.0
Texas,Duval,South,70.3,15818.0,43.0,21.0,40.0,33.0,4.4,18.0
Texas,Eastland,South,72.0,12165.0,24.0,19.0,59.0,22.0,4.6,20.0
Texas,Ector,South,71.5,12481.0,14.0,17.0,53.0,26.0,3.3,22.0
Texas,Ellis,South,76.8,7453.0,9.0,13.0,63.0,19.0,3.7,17.0
Texas,El Paso,South,76.5,8160.0,24.0,19.0,66.0,28.0,4.4,23.0
Texas,Erath,South,76.7,7986.0,18.0,17.0,62.0,21.0,3.5,21.0
Texas,Falls,South,73.9,12250.0,25.0,17.0,59.0,26.0,4.1,18.0
Texas,Fannin,South,73.3,10352.0,19.0,16.0,49.0,21.0,3.4,17.0
Texas,Fayette,South,76.4,9257.0,13.0,15.0,58.0,18.0,3.4,19.0
Texas,Fisher,South,71.6,13850.0,21.0,16.0,62.0,22.0,3.3,16.0
Texas,Floyd,South,72.9,10824.0,32.0,19.0,53.0,30.0,4.3,25.0
Texas,Fort Bend,South,81.0,5310.0,10.0,11.0,77.0,16.0,4.0,12.0
Texas,Franklin,South,74.5,11460.0,21.0,15.0,62.0,15.0,3.8,15.0
Texas,Freestone,South,74.4,10438.0,21.0,17.0,53.0,23.0,5.1,19.0
Texas,Frio,South,72.4,12091.0,36.0,20.0,24.0,32.0,3.3,22.0
Texas,Gaines,South,73.8,10585.0,19.0,16.0,25.0,24.0,2.9,32.0
Texas,Galveston,South,76.1,8976.0,15.0,15.0,69.0,18.0,4.3,16.0
Texas,Garza,South,73.5,9498.0,27.0,18.0,28.0,28.0,3.4,22.0
Texas,Gillespie,South,78.7,7604.0,13.0,15.0,57.0,18.0,2.6,25.0
Texas,Goliad,South,77.8,9032.0,22.0,16.0,55.0,21.0,3.7,16.0
Texas,Gonzales,South,74.2,10412.0,25.0,17.0,36.0,26.0,3.4,23.0
Texas,Gray,South,72.3,11272.0,22.0,18.0,47.0,25.0,4.1,22.0
Texas,Grayson,South,74.4,9794.0,15.0,16.0,56.0,21.0,3.7,19.0
Texas,Gregg,South,72.1,12456.0,23.0,17.0,58.0,22.0,4.2,20.0
Texas,Grimes,South,74.9,9963.0,21.0,16.0,57.0,23.0,4.4,20.0
Texas,Guadalupe,South,78.2,7111.0,11.0,14.0,62.0,19.0,3.4,14.0
Texas,Hale,South,72.6,11327.0,29.0,19.0,46.0,29.0,4.9,22.0
Texas,Hall,South,74.2,10246.0,37.0,19.0,54.0,24.0,4.3,25.0
Texas,Hamilton,South,74.3,11511.0,22.0,18.0,43.0,21.0,3.4,22.0
Texas,Hansford,South,76.5,6540.0,13.0,14.0,68.0,21.0,2.6,27.0
Texas,Hardeman,South,73.8,10561.0,25.0,17.0,44.0,22.0,4.8,20.0
Texas,Hardin,South,73.7,11242.0,15.0,17.0,60.0,19.0,4.9,17.0
Texas,Harris,South,77.3,8157.0,22.0,16.0,64.0,25.0,4.3,22.0
Texas,Harrison,South,74.5,10533.0,23.0,17.0,60.0,21.0,4.7,17.0
Texas,Hartley,South,77.9,7480.0,8.0,12.0,41.0,18.0,2.1,17.0
Texas,Haskell,South,74.1,10595.0,29.0,19.0,49.0,25.0,3.8,24.0
Texas,Hays,South,79.4,5755.0,9.0,15.0,71.0,19.0,3.3,14.0
Texas,Hemphill,South,80.6,,13.0,15.0,62.0,20.0,3.5,21.0
Texas,Henderson,South,72.0,13194.0,24.0,17.0,52.0,22.0,4.1,22.0
Texas,Hidalgo,South,77.3,8263.0,37.0,23.0,52.0,37.0,6.1,30.0
Texas,Hill,South,72.6,12166.0,19.0,17.0,54.0,22.0,4.0,20.0
Texas,Hockley,South,71.0,13651.0,20.0,17.0,54.0,24.0,3.6,22.0
Texas,Hood,South,76.0,9472.0,12.0,14.0,63.0,15.0,3.7,17.0
Texas,Hopkins,South,74.0,10186.0,19.0,16.0,53.0,21.0,3.5,20.0
Texas,Houston,South,72.5,12868.0,28.0,18.0,45.0,24.0,3.2,20.0
Texas,Howard,South,71.6,11672.0,22.0,18.0,47.0,24.0,4.3,20.0
Texas,Hudspeth,South,74.3,9663.0,41.0,25.0,26.0,39.0,3.8,26.0
Texas,Hunt,South,74.1,10489.0,17.0,16.0,56.0,21.0,4.1,19.0
Texas,Hutchinson,South,71.0,13452.0,17.0,16.0,56.0,19.0,4.3,16.0
Texas,Jack,South,75.0,9316.0,17.0,17.0,46.0,21.0,3.6,22.0
Texas,Jackson,South,76.3,9120.0,19.0,16.0,47.0,24.0,3.3,20.0
Texas,Jasper,South,71.0,14265.0,24.0,20.0,42.0,25.0,6.3,20.0
Texas,Jeff Davis,South,79.7,,23.0,20.0,69.0,24.0,3.2,22.0
Texas,Jefferson,South,73.4,11735.0,24.0,18.0,54.0,24.0,6.3,20.0
Texas,Jim Hogg,South,72.5,12253.0,37.0,23.0,39.0,34.0,4.7,21.0
Texas,Jim Wells,South,71.2,14382.0,30.0,22.0,47.0,29.0,5.2,19.0
Texas,Johnson,South,75.4,8336.0,13.0,15.0,56.0,22.0,3.6,18.0
Texas,Jones,South,73.6,11128.0,22.0,17.0,38.0,26.0,4.6,18.0
Texas,Karnes,South,74.1,9310.0,27.0,18.0,40.0,27.0,3.1,18.0
Texas,Kaufman,South,74.7,8809.0,13.0,13.0,62.0,21.0,4.1,17.0
Texas,Kendall,South,79.8,5626.0,9.0,13.0,77.0,15.0,3.3,15.0
Texas,Kerr,South,76.5,9189.0,19.0,17.0,57.0,21.0,3.5,19.0
Texas,Kimble,South,78.6,8618.0,35.0,17.0,49.0,23.0,3.4,22.0
Texas,Kinney,South,76.7,9451.0,26.0,22.0,30.0,25.0,4.6,13.0
Texas,Kleberg,South,73.4,10643.0,29.0,23.0,61.0,27.0,4.6,19.0
Texas,Knox,South,71.0,13276.0,32.0,17.0,59.0,23.0,3.5,21.0
Texas,Lamar,South,72.4,12236.0,29.0,18.0,58.0,22.0,4.3,18.0
Texas,Lamb,South,72.2,12062.0,25.0,19.0,46.0,28.0,4.1,23.0
Texas,Lampasas,South,74.8,10121.0,17.0,16.0,57.0,21.0,3.8,18.0
Texas,La Salle,South,73.2,10565.0,32.0,20.0,17.0,35.0,2.6,22.0
Texas,Lavaca,South,77.3,7894.0,16.0,15.0,51.0,21.0,3.3,15.0
Texas,Lee,South,76.3,8759.0,16.0,15.0,37.0,23.0,3.2,20.0
Texas,Leon,South,73.3,12444.0,21.0,19.0,53.0,24.0,4.7,22.0
Texas,Liberty,South,72.8,11242.0,20.0,18.0,42.0,28.0,5.5,23.0
Texas,Limestone,South,72.6,11929.0,26.0,19.0,54.0,27.0,4.2,20.0
Texas,Lipscomb,South,76.2,,17.0,16.0,57.0,23.0,3.2,22.0
Texas,Live Oak,South,76.5,9514.0,24.0,19.0,51.0,25.0,3.8,21.0
Texas,Llano,South,76.2,11148.0,21.0,17.0,52.0,18.0,3.6,20.0
Texas,Lubbock,South,73.4,10786.0,20.0,17.0,67.0,21.0,3.3,16.0
Texas,Lynn,South,71.9,13311.0,21.0,19.0,64.0,28.0,3.3,17.0
Texas,McCulloch,South,71.1,13691.0,28.0,19.0,44.0,24.0,4.1,22.0
Texas,McLennan,South,75.3,9298.0,20.0,17.0,64.0,23.0,3.7,19.0
Texas,Madison,South,72.9,12165.0,23.0,16.0,43.0,24.0,4.6,24.0
Texas,Marion,South,71.1,14249.0,33.0,18.0,54.0,22.0,4.8,17.0
Texas,Martin,South,71.5,13681.0,16.0,18.0,37.0,24.0,2.7,21.0
Texas,Mason,South,75.3,11919.0,21.0,14.0,74.0,19.0,3.5,24.0
Texas,Matagorda,South,73.6,11456.0,26.0,21.0,55.0,28.0,5.4,22.0
Texas,Maverick,South,72.7,10667.0,29.0,22.0,52.0,36.0,7.5,26.0
Texas,Medina,South,76.7,8770.0,18.0,16.0,54.0,22.0,3.8,17.0
Texas,Menard,South,74.8,,34.0,23.0,67.0,22.0,3.7,26.0
Texas,Midland,South,75.6,9304.0,14.0,15.0,66.0,19.0,2.5,19.0
Texas,Milam,South,74.7,10214.0,23.0,17.0,46.0,21.0,4.2,19.0
Texas,Mills,South,75.4,9187.0,22.0,15.0,47.0,19.0,3.9,22.0
Texas,Mitchell,South,73.3,11322.0,23.0,17.0,48.0,27.0,4.0,17.0
Texas,Montague,South,71.7,13687.0,18.0,17.0,49.0,19.0,3.5,21.0
Texas,Montgomery,South,78.2,6837.0,14.0,14.0,68.0,20.0,3.9,15.0
Texas,Moore,South,74.8,10115.0,21.0,16.0,41.0,30.0,2.7,26.0
Texas,Morris,South,71.3,13733.0,31.0,18.0,55.0,23.0,5.9,17.0
Texas,Nacogdoches,South,73.5,11089.0,25.0,19.0,59.0,22.0,4.3,19.0
Texas,Navarro,South,73.8,11374.0,22.0,18.0,53.0,24.0,4.0,19.0
Texas,Newton,South,71.8,14450.0,27.0,20.0,42.0,28.0,7.1,20.0
Texas,Nolan,South,73.5,10043.0,28.0,19.0,47.0,27.0,3.5,19.0
Texas,Nueces,South,74.6,10927.0,25.0,19.0,59.0,28.0,4.2,19.0
Texas,Ochiltree,South,73.9,10610.0,15.0,17.0,45.0,25.0,3.3,28.0
Texas,Oldham,South,76.4,,27.0,17.0,73.0,20.0,3.0,16.0
Texas,Orange,South,71.9,12675.0,19.0,17.0,57.0,20.0,5.4,15.0
Texas,Palo Pinto,South,73.2,11397.0,26.0,18.0,50.0,21.0,3.7,21.0
Texas,Panola,South,71.2,13705.0,19.0,16.0,59.0,22.0,4.5,18.0
Texas,Parker,South,76.9,7329.0,9.0,14.0,67.0,16.0,3.3,16.0
Texas,Parmer,South,75.7,8397.0,17.0,14.0,46.0,27.0,2.6,24.0
Texas,Pecos,South,72.5,12159.0,24.0,19.0,41.0,27.0,3.6,22.0
Texas,Polk,South,70.1,13398.0,30.0,20.0,41.0,23.0,5.4,19.0
Texas,Potter,South,70.8,13394.0,23.0,19.0,48.0,29.0,3.1,23.0
Texas,Presidio,South,81.3,7193.0,35.0,28.0,48.0,38.0,6.3,34.0
Texas,Rains,South,75.3,9817.0,21.0,17.0,62.0,19.0,3.5,22.0
Texas,Randall,South,76.3,8070.0,11.0,14.0,72.0,17.0,2.9,13.0
Texas,Reagan,South,73.9,8046.0,14.0,13.0,38.0,23.0,3.6,21.0
Texas,Real,South,71.2,,34.0,23.0,29.0,26.0,5.1,21.0
Texas,Red River,South,68.2,19571.0,27.0,19.0,54.0,23.0,4.8,19.0
Texas,Reeves,South,73.6,10008.0,24.0,18.0,38.0,32.0,3.1,22.0
Texas,Refugio,South,73.4,11423.0,26.0,19.0,45.0,24.0,3.9,19.0
Texas,Robertson,South,74.2,10658.0,25.0,16.0,47.0,21.0,3.6,17.0
Texas,Rockwall,South,79.1,5798.0,7.0,11.0,77.0,15.0,3.6,11.0
Texas,Runnels,South,72.8,10984.0,23.0,17.0,51.0,22.0,3.9,21.0
Texas,Rusk,South,73.6,10561.0,17.0,16.0,51.0,21.0,4.1,19.0
Texas,Sabine,South,70.3,16290.0,30.0,21.0,47.0,23.0,6.8,19.0
Texas,San Augustine,South,70.6,15177.0,32.0,23.0,30.0,28.0,5.4,20.0
Texas,San Jacinto,South,73.6,12991.0,26.0,19.0,43.0,23.0,4.7,20.0
Texas,San Patricio,South,73.2,11605.0,26.0,20.0,51.0,25.0,4.8,19.0
Texas,San Saba,South,74.7,9943.0,26.0,17.0,42.0,22.0,3.8,27.0
Texas,Schleicher,South,78.9,,22.0,16.0,57.0,26.0,3.5,23.0
Texas,Scurry,South,72.9,11825.0,21.0,16.0,58.0,25.0,4.1,21.0
Texas,Shackelford,South,75.6,,19.0,15.0,56.0,17.0,2.7,21.0
Texas,Shelby,South,71.3,13932.0,24.0,19.0,50.0,26.0,4.5,22.0
Texas,Sherman,South,77.7,,18.0,15.0,53.0,22.0,3.2,27.0
Texas,Smith,South,75.4,9375.0,17.0,15.0,64.0,21.0,3.6,19.0
Texas,Somervell,South,76.7,7659.0,13.0,14.0,65.0,15.0,3.6,16.0
Texas,Starr,South,73.9,9793.0,37.0,27.0,51.0,38.0,9.3,25.0
Texas,Stephens,South,73.7,11572.0,26.0,18.0,51.0,24.0,3.9,21.0
Texas,Sutton,South,74.1,10626.0,19.0,18.0,49.0,29.0,5.8,21.0
Texas,Swisher,South,70.3,15481.0,28.0,23.0,37.0,27.0,4.6,28.0
Texas,Tarrant,South,77.0,7833.0,14.0,14.0,65.0,19.0,3.7,18.0
Texas,Taylor,South,73.5,10985.0,15.0,17.0,63.0,20.0,3.3,19.0
Texas,Terry,South,70.8,13280.0,29.0,20.0,47.0,30.0,3.9,24.0
Texas,Titus,South,74.5,9788.0,20.0,18.0,45.0,26.0,4.2,24.0
Texas,Tom Green,South,74.9,9679.0,17.0,16.0,63.0,23.0,3.5,18.0
Texas,Travis,South,80.4,5698.0,12.0,15.0,80.0,17.0,3.3,13.0
Texas,Trinity,South,72.1,13131.0,29.0,19.0,56.0,21.0,5.0,18.0
Texas,Tyler,South,71.6,14227.0,24.0,21.0,35.0,23.0,5.8,19.0
Texas,Upshur,South,73.4,10968.0,19.0,18.0,58.0,23.0,4.2,17.0
Texas,Upton,South,74.9,10947.0,22.0,17.0,37.0,29.0,1.7,20.0
Texas,Uvalde,South,72.1,13124.0,32.0,22.0,60.0,27.0,4.2,23.0
Texas,Val Verde,South,74.9,9199.0,30.0,18.0,53.0,29.0,5.5,21.0
Texas,Van Zandt,South,73.8,10899.0,17.0,16.0,57.0,22.0,3.5,19.0
Texas,Victoria,South,74.7,10171.0,20.0,18.0,59.0,25.0,4.1,19.0
Texas,Walker,South,76.6,8101.0,23.0,16.0,49.0,24.0,4.6,19.0
Texas,Waller,South,75.9,8936.0,19.0,14.0,59.0,22.0,4.6,18.0
Texas,Ward,South,72.3,12790.0,19.0,16.0,43.0,26.0,3.0,23.0
Texas,Washington,South,76.9,8785.0,20.0,15.0,60.0,19.0,3.9,16.0
Texas,Webb,South,75.8,8920.0,32.0,20.0,53.0,26.0,4.0,27.0
Texas,Wharton,South,73.7,11245.0,21.0,17.0,56.0,24.0,3.9,21.0
Texas,Wheeler,South,71.3,13275.0,21.0,19.0,56.0,24.0,3.7,26.0
Texas,Wichita,South,73.0,11092.0,24.0,18.0,59.0,21.0,3.9,17.0
Texas,Wilbarger,South,71.4,13359.0,25.0,22.0,47.0,27.0,5.0,21.0
Texas,Willacy,South,72.9,11567.0,35.0,24.0,34.0,37.0,7.8,22.0
Texas,Williamson,South,80.7,5175.0,7.0,13.0,79.0,15.0,3.4,10.0
Texas,Wilson,South,76.8,8131.0,14.0,14.0,65.0,22.0,3.2,15.0
Texas,Winkler,South,71.2,14258.0,18.0,15.0,41.0,26.0,3.4,20.0
Texas,Wise,South,75.1,8574.0,12.0,15.0,57.0,21.0,3.7,18.0
Texas,Wood,South,73.6,11592.0,22.0,17.0,52.0,20.0,4.4,20.0
Texas,Yoakum,South,72.1,12474.0,17.0,16.0,55.0,30.0,3.4,27.0
Texas,Young,South,71.2,13482.0,20.0,17.0,61.0,22.0,3.4,21.0
Texas,Zapata,South,74.7,9589.0,44.0,27.0,35.0,41.0,6.4,24.0
Texas,Zavala,South,69.9,15792.0,43.0,26.0,53.0,36.0,7.3,17.0
Utah,Beaver,West,74.9,9749.0,14.0,12.0,62.0,16.0,3.0,12.0
Utah,Box Elder,West,77.5,6824.0,9.0,13.0,59.0,16.0,2.5,8.0
Utah,Cache,West,80.2,5132.0,8.0,13.0,75.0,17.0,2.3,8.0
Utah,Carbon,West,72.8,11671.0,17.0,18.0,66.0,21.0,3.7,9.0
Utah,Davis,West,79.3,5581.0,6.0,11.0,76.0,14.0,2.4,6.0
Utah,Duchesne,West,75.7,9499.0,14.0,15.0,52.0,18.0,2.9,11.0
Utah,Emery,West,74.8,9287.0,14.0,15.0,61.0,19.0,3.1,10.0
Utah,Garfield,West,77.6,8727.0,15.0,18.0,71.0,16.0,6.4,11.0
Utah,Grand,West,80.3,7357.0,15.0,16.0,70.0,17.0,3.6,13.0
Utah,Iron,West,78.3,6864.0,14.0,14.0,67.0,15.0,2.6,11.0
Utah,Juab,West,77.7,6968.0,10.0,12.0,58.0,15.0,2.3,10.0
Utah,Kane,West,78.3,7263.0,13.0,16.0,70.0,15.0,2.7,10.0
Utah,Millard,West,76.7,8552.0,13.0,14.0,50.0,20.0,2.3,12.0
Utah,Morgan,West,81.0,3815.0,4.0,8.0,79.0,13.0,2.1,6.0
Utah,Rich,West,83.7,,11.0,13.0,73.0,16.0,2.4,11.0
Utah,Salt Lake,West,78.6,6733.0,11.0,12.0,71.0,16.0,2.7,10.0
Utah,San Juan,West,72.8,14025.0,23.0,20.0,61.0,23.0,4.0,14.0
Utah,Sanpete,West,77.2,7286.0,14.0,14.0,57.0,19.0,2.9,11.0
Utah,Sevier,West,77.2,6837.0,14.0,14.0,63.0,17.0,2.8,12.0
Utah,Summit,West,84.0,4285.0,5.0,10.0,76.0,11.0,2.4,9.0
Utah,Tooele,West,77.1,7133.0,8.0,11.0,63.0,15.0,2.8,8.0
Utah,Uintah,West,74.6,10492.0,13.0,15.0,56.0,18.0,3.3,12.0
Utah,Utah,West,79.4,5321.0,8.0,12.0,80.0,12.0,2.6,8.0
Utah,Wasatch,West,81.0,4719.0,6.0,11.0,76.0,11.0,2.4,8.0
Utah,Washington,West,80.2,6937.0,13.0,13.0,72.0,14.0,2.8,12.0
Utah,Wayne,West,75.5,,17.0,14.0,69.0,17.0,4.3,15.0
Utah,Weber,West,76.9,7628.0,10.0,12.0,63.0,15.0,2.8,9.0
Vermont,Addison,Northeast,80.6,5658.0,9.0,10.0,66.0,10.0,1.7,4.0
Vermont,Bennington,Northeast,76.7,8728.0,14.0,13.0,70.0,13.0,2.5,5.0
Vermont,Caledonia,Northeast,76.7,8885.0,16.0,13.0,61.0,14.0,2.3,5.0
Vermont,Chittenden,Northeast,80.8,5480.0,6.0,11.0,82.0,13.0,1.6,4.0
Vermont,Essex,Northeast,77.4,9787.0,19.0,15.0,57.0,16.0,2.9,5.0
Vermont,Franklin,Northeast,77.6,7299.0,11.0,12.0,65.0,13.0,1.8,5.0
Vermont,Grand Isle,Northeast,78.5,6017.0,12.0,10.0,68.0,13.0,2.1,5.0
Vermont,Lamoille,Northeast,79.2,6109.0,11.0,11.0,71.0,14.0,2.5,6.0
Vermont,Orange,Northeast,79.1,7382.0,11.0,11.0,65.0,11.0,2.0,5.0
Vermont,Orleans,Northeast,76.2,8961.0,18.0,13.0,59.0,15.0,3.4,5.0
Vermont,Rutland,Northeast,76.5,9134.0,12.0,13.0,63.0,13.0,2.4,5.0
Vermont,Washington,Northeast,79.0,7124.0,8.0,12.0,75.0,13.0,2.0,5.0
Vermont,Windham,Northeast,78.6,8005.0,11.0,13.0,66.0,13.0,2.3,5.0
Vermont,Windsor,Northeast,77.9,8663.0,10.0,11.0,69.0,11.0,1.8,5.0
Virginia,Accomack,South,73.8,12239.0,24.0,13.0,44.0,23.0,3.5,11.0
Virginia,Albemarle,South,81.5,5378.0,9.0,10.0,81.0,13.0,2.6,7.0
Virginia,Alleghany,South,73.1,12095.0,19.0,14.0,48.0,19.0,3.5,6.0
Virginia,Amelia,South,73.6,11735.0,14.0,11.0,44.0,20.0,3.0,10.0
Virginia,Amherst,South,75.5,10404.0,16.0,12.0,61.0,18.0,3.2,8.0
Virginia,Appomattox,South,77.2,7982.0,16.0,12.0,58.0,21.0,3.6,9.0
Virginia,Arlington,South,83.9,3513.0,8.0,10.0,92.0,13.0,2.1,5.0
Virginia,Augusta,South,78.0,8022.0,10.0,11.0,54.0,16.0,2.5,7.0
Virginia,Bath,South,74.4,10897.0,15.0,18.0,63.0,22.0,2.8,7.0
Virginia,Bedford,South,77.0,8449.0,12.0,11.0,67.0,16.0,2.9,8.0
Virginia,Bland,South,75.5,9532.0,16.0,13.0,39.0,16.0,3.0,7.0
Virginia,Botetourt,South,77.6,7861.0,8.0,10.0,62.0,15.0,2.5,5.0
Virginia,Brunswick,South,72.7,12611.0,27.0,12.0,39.0,24.0,4.6,9.0
Virginia,Buchanan,South,69.4,16804.0,26.0,22.0,47.0,27.0,4.4,10.0
Virginia,Buckingham,South,74.8,11285.0,23.0,12.0,45.0,22.0,3.9,10.0
Virginia,Campbell,South,76.5,8566.0,18.0,11.0,60.0,19.0,3.3,7.0
Virginia,Caroline,South,74.9,10347.0,12.0,10.0,54.0,19.0,3.1,8.0
Virginia,Carroll,South,74.6,10358.0,22.0,15.0,56.0,21.0,3.7,10.0
Virginia,Charles City,South,75.9,9317.0,18.0,10.0,58.0,21.0,3.2,11.0
Virginia,Charlotte,South,71.7,13862.0,32.0,16.0,60.0,23.0,3.5,9.0
Virginia,Chesterfield,South,77.8,7544.0,9.0,9.0,73.0,14.0,2.9,7.0
Virginia,Clarke,South,77.3,7634.0,8.0,10.0,70.0,14.0,2.5,8.0
Virginia,Craig,South,73.8,12978.0,19.0,12.0,48.0,19.0,3.2,8.0
Virginia,Culpeper,South,77.0,8349.0,12.0,10.0,58.0,18.0,2.8,9.0
Virginia,Cumberland,South,76.6,9215.0,22.0,9.0,62.0,18.0,3.5,8.0
Virginia,Dickenson,South,71.9,13595.0,23.0,21.0,51.0,22.0,4.4,8.0
Virginia,Dinwiddie,South,74.7,10647.0,17.0,11.0,61.0,20.0,3.3,7.0
Virginia,Essex,South,73.0,12685.0,21.0,13.0,43.0,24.0,3.7,10.0
Virginia,Fairfax,South,84.5,3771.0,7.0,8.0,84.0,12.0,2.5,8.0
Virginia,Fauquier,South,79.0,6683.0,7.0,9.0,67.0,14.0,2.5,7.0
Virginia,Floyd,South,76.4,8542.0,15.0,11.0,64.0,16.0,2.6,8.0
Virginia,Fluvanna,South,79.7,6850.0,9.0,8.0,66.0,17.0,2.5,6.0
Virginia,Franklin,South,75.7,10174.0,16.0,13.0,59.0,16.0,3.0,8.0
Virginia,Frederick,South,78.5,6972.0,8.0,10.0,61.0,17.0,2.5,8.0
Virginia,Giles,South,72.2,12049.0,15.0,12.0,50.0,17.0,2.9,7.0
Virginia,Gloucester,South,76.1,8639.0,11.0,11.0,61.0,16.0,2.6,8.0
Virginia,Goochland,South,80.2,6390.0,8.0,8.0,74.0,12.0,2.9,4.0
Virginia,Grayson,South,74.6,9845.0,23.0,16.0,47.0,24.0,2.7,7.0
Virginia,Greene,South,78.3,6743.0,12.0,11.0,61.0,17.0,2.5,9.0
Virginia,Greensville,South,71.4,12862.0,27.0,10.0,38.0,24.0,3.7,6.0
Virginia,Halifax,South,72.1,13971.0,27.0,13.0,54.0,22.0,4.0,9.0
Virginia,Hanover,South,77.9,6976.0,6.0,8.0,77.0,14.0,2.5,6.0
Virginia,Henrico,South,77.2,7787.0,12.0,9.0,75.0,15.0,2.9,7.0
Virginia,Henry,South,70.9,15807.0,25.0,14.0,56.0,25.0,3.5,8.0
Virginia,Highland,South,78.9,,21.0,13.0,70.0,15.0,2.3,8.0
Virginia,Isle of Wight,South,76.8,8260.0,10.0,10.0,69.0,17.0,2.8,6.0
Virginia,James City,South,81.1,5816.0,8.0,10.0,72.0,13.0,2.8,6.0
Virginia,King and Queen,South,73.7,13004.0,18.0,13.0,66.0,21.0,2.7,9.0
Virginia,King George,South,77.6,7991.0,8.0,9.0,74.0,16.0,2.6,6.0
Virginia,King William,South,75.2,9662.0,9.0,9.0,61.0,18.0,2.7,7.0
Virginia,Lancaster,South,75.3,10856.0,22.0,13.0,64.0,18.0,3.7,10.0
Virginia,Lee,South,71.9,13059.0,29.0,21.0,46.0,22.0,3.8,8.0
Virginia,Loudoun,South,83.8,3355.0,4.0,7.0,85.0,12.0,2.5,6.0
Virginia,Louisa,South,75.9,9533.0,13.0,11.0,57.0,16.0,2.7,8.0
Virginia,Lunenburg,South,74.0,11616.0,23.0,13.0,48.0,23.0,3.3,11.0
Virginia,Madison,South,78.4,7227.0,13.0,11.0,57.0,17.0,2.3,9.0
Virginia,Mathews,South,75.8,10352.0,15.0,11.0,75.0,14.0,2.8,7.0
Virginia,Mecklenburg,South,73.0,12700.0,21.0,14.0,61.0,21.0,3.6,9.0
Virginia,Middlesex,South,73.5,13582.0,19.0,11.0,59.0,18.0,2.7,11.0
Virginia,Montgomery,South,78.7,6130.0,13.0,14.0,76.0,17.0,2.8,6.0
Virginia,Nelson,South,76.7,8481.0,18.0,12.0,53.0,17.0,2.7,12.0
Virginia,New Kent,South,77.3,7505.0,7.0,7.0,65.0,13.0,2.6,7.0
Virginia,Northampton,South,73.2,13342.0,27.0,14.0,57.0,20.0,3.5,10.0
Virginia,Northumberland,South,76.2,10386.0,23.0,12.0,59.0,18.0,4.3,10.0
Virginia,Nottoway,South,72.6,11496.0,23.0,13.0,45.0,24.0,3.0,9.0
Virginia,Orange,South,75.2,10006.0,12.0,12.0,53.0,18.0,3.0,8.0
Virginia,Page,South,73.9,11041.0,17.0,14.0,44.0,18.0,3.5,9.0
Virginia,Patrick,South,72.2,13655.0,19.0,14.0,55.0,20.0,3.5,8.0
Virginia,Pittsylvania,South,74.9,11015.0,17.0,14.0,52.0,23.0,3.1,9.0
Virginia,Powhatan,South,77.9,7780.0,7.0,8.0,67.0,13.0,2.7,6.0
Virginia,Prince Edward,South,74.0,10738.0,29.0,14.0,58.0,21.0,4.1,8.0
Virginia,Prince George,South,78.9,7210.0,11.0,9.0,62.0,21.0,3.4,6.0
Virginia,Prince William,South,80.6,5613.0,8.0,8.0,72.0,16.0,2.7,10.0
Virginia,Pulaski,South,73.6,11044.0,23.0,15.0,57.0,18.0,2.8,6.0
Virginia,Rappahannock,South,78.8,9336.0,14.0,11.0,57.0,18.0,2.6,10.0
Virginia,Richmond,South,76.4,8752.0,22.0,10.0,38.0,26.0,3.1,10.0
Virginia,Roanoke,South,77.5,7604.0,8.0,10.0,70.0,15.0,2.6,7.0
Virginia,Rockbridge,South,76.2,10446.0,15.0,12.0,64.0,18.0,2.7,7.0
Virginia,Rockingham,South,78.1,7167.0,12.0,11.0,58.0,17.0,2.5,9.0
Virginia,Russell,South,73.1,12093.0,22.0,19.0,56.0,23.0,3.6,8.0
Virginia,Scott,South,73.4,11806.0,23.0,18.0,58.0,21.0,3.2,7.0
Virginia,Shenandoah,South,76.6,8072.0,12.0,14.0,54.0,19.0,2.7,9.0
Virginia,Smyth,South,70.8,14259.0,20.0,18.0,51.0,24.0,3.2,8.0
Virginia,Southampton,South,75.3,10093.0,18.0,10.0,56.0,17.0,2.6,7.0
Virginia,Spotsylvania,South,77.9,7823.0,9.0,9.0,68.0,15.0,3.0,8.0
Virginia,Stafford,South,79.3,5976.0,7.0,7.0,73.0,15.0,2.9,6.0
Virginia,Surry,South,75.6,9578.0,20.0,11.0,64.0,20.0,2.7,7.0
Virginia,Sussex,South,72.2,11727.0,28.0,11.0,46.0,22.0,4.1,8.0
Virginia,Tazewell,South,70.5,15250.0,27.0,17.0,50.0,20.0,4.0,8.0
Virginia,Warren,South,74.7,9847.0,10.0,13.0,56.0,19.0,2.9,9.0
Virginia,Washington,South,74.3,11010.0,16.0,15.0,63.0,18.0,2.9,7.0
Virginia,Westmoreland,South,75.3,10259.0,21.0,13.0,47.0,22.0,3.3,10.0
Virginia,Wise,South,70.8,13685.0,20.0,19.0,55.0,22.0,4.2,8.0
Virginia,Wythe,South,72.6,12205.0,19.0,16.0,57.0,16.0,3.0,7.0
Virginia,York,South,80.9,5166.0,7.0,9.0,84.0,13.0,2.7,6.0
Virginia,Alexandria City,South,82.2,4702.0,13.0,10.0,86.0,12.0,2.3,8.0
Virginia,Bristol City,South,71.7,12793.0,31.0,17.0,58.0,21.0,3.7,8.0
Virginia,Buena Vista City,South,71.2,13636.0,18.0,18.0,59.0,23.0,2.7,7.0
Virginia,Charlottesville City,South,78.3,6526.0,18.0,14.0,83.0,19.0,2.4,8.0
Virginia,Chesapeake City,South,76.9,7791.0,12.0,9.0,73.0,16.0,2.9,7.0
Virginia,Colonial Heights City,South,71.8,13353.0,15.0,12.0,66.0,17.0,3.1,7.0
Virginia,Covington City,South,69.1,15933.0,25.0,14.0,35.0,19.0,4.1,7.0
Virginia,Danville City,South,68.3,17833.0,29.0,17.0,47.0,27.0,4.6,8.0
Virginia,Emporia City,South,66.8,21098.0,33.0,14.0,45.0,28.0,4.6,8.0
Virginia,Fairfax City,South,76.1,7714.0,7.0,10.0,82.0,15.0,2.4,9.0
Virginia,Falls Church City,South,78.3,6199.0,4.0,8.0,93.0,10.0,2.3,4.0
Virginia,Franklin City,South,66.6,19349.0,31.0,14.0,61.0,23.0,3.8,7.0
Virginia,Fredericksburg City,South,74.6,10345.0,19.0,15.0,71.0,19.0,3.4,9.0
Virginia,Galax City,South,66.4,19228.0,29.0,16.0,59.0,25.0,3.9,10.0
Virginia,Hampton City,South,74.6,10727.0,19.0,11.0,69.0,18.0,3.7,6.0
Virginia,Harrisonburg City,South,78.2,5914.0,17.0,16.0,63.0,22.0,3.5,13.0
Virginia,Hopewell City,South,67.3,19635.0,33.0,15.0,60.0,27.0,4.4,7.0
Virginia,Lexington City,South,78.7,5114.0,11.0,15.0,86.0,15.0,4.4,4.0
Virginia,Lynchburg City,South,73.4,11251.0,23.0,14.0,71.0,17.0,4.2,7.0
Virginia,Manassas City,South,76.7,8307.0,19.0,8.0,56.0,17.0,2.5,14.0
Virginia,Manassas Park City,South,88.9,,14.0,9.0,46.0,21.0,2.6,14.0
Virginia,Martinsville City,South,65.8,19661.0,30.0,17.0,56.0,25.0,4.7,8.0
Virginia,Newport News City,South,74.2,10686.0,23.0,12.0,68.0,19.0,3.4,7.0
Virginia,Norfolk City,South,73.3,11579.0,25.0,13.0,70.0,19.0,3.4,8.0
Virginia,Norton City,South,65.0,21701.0,30.0,22.0,66.0,23.0,4.1,6.0
Virginia,Petersburg City,South,64.3,24086.0,32.0,15.0,55.0,24.0,5.4,8.0
Virginia,Poquoson City,South,78.2,7082.0,7.0,9.0,75.0,12.0,2.5,5.0
Virginia,Portsmouth City,South,70.5,15223.0,25.0,12.0,63.0,21.0,3.7,7.0
Virginia,Radford City,South,74.8,8739.0,18.0,17.0,83.0,19.0,3.6,6.0
Virginia,Richmond City,South,74.4,12130.0,28.0,14.0,74.0,21.0,3.5,9.0
Virginia,Roanoke City,South,70.2,15725.0,26.0,14.0,60.0,22.0,3.2,9.0
Virginia,Salem City,South,73.2,10541.0,13.0,12.0,70.0,15.0,2.9,6.0
Virginia,Staunton City,South,74.9,8560.0,17.0,13.0,67.0,18.0,2.6,7.0
Virginia,Suffolk City,South,75.4,9290.0,15.0,9.0,73.0,17.0,3.1,6.0
Virginia,Virginia Beach City,South,78.7,6864.0,11.0,10.0,76.0,14.0,2.8,7.0
Virginia,Waynesboro City,South,73.6,11090.0,19.0,15.0,58.0,19.0,2.9,9.0
Virginia,Williamsburg City,South,78.6,7519.0,21.0,12.0,74.0,17.0,4.0,8.0
Virginia,Winchester City,South,74.2,11478.0,22.0,16.0,57.0,19.0,2.8,11.0
Washington,Adams,West,77.0,8361.0,20.0,16.0,38.0,25.0,4.6,13.0
Washington,Asotin,West,76.7,9610.0,19.0,15.0,60.0,18.0,3.4,7.0
Washington,Benton,West,77.8,7204.0,13.0,12.0,65.0,17.0,4.5,8.0
Washington,Chelan,West,79.3,6380.0,13.0,13.0,63.0,18.0,4.3,13.0
Washington,Clallam,West,77.3,8715.0,16.0,14.0,62.0,16.0,5.2,9.0
Washington,Clark,West,78.6,6422.0,8.0,11.0,68.0,14.0,4.3,7.0
Washington,Columbia,West,76.6,9105.0,19.0,14.0,65.0,18.0,4.4,8.0
Washington,Cowlitz,West,75.1,9701.0,17.0,14.0,57.0,19.0,5.1,7.0
Washington,Douglas,West,80.7,5504.0,15.0,13.0,52.0,19.0,4.7,13.0
Washington,Ferry,West,73.5,13026.0,29.0,19.0,55.0,21.0,8.4,9.0
Washington,Franklin,West,78.9,6307.0,15.0,13.0,51.0,24.0,5.7,13.0
Washington,Garfield,West,77.0,,18.0,15.0,57.0,16.0,5.5,7.0
Washington,Grant,West,76.9,8460.0,18.0,15.0,51.0,22.0,5.2,13.0
Washington,Grays Harbor,West,74.6,10513.0,19.0,16.0,48.0,19.0,6.3,10.0
Washington,Island,West,80.8,5965.0,10.0,11.0,70.0,13.0,4.3,7.0
Washington,Jefferson,West,80.1,8180.0,17.0,14.0,67.0,14.0,5.0,8.0
Washington,King,West,81.1,5529.0,10.0,10.0,83.0,12.0,3.4,6.0
Washington,Kitsap,West,79.5,6099.0,10.0,11.0,73.0,13.0,4.1,7.0
Washington,Kittitas,West,79.8,5849.0,13.0,13.0,68.0,16.0,5.1,8.0
Washington,Klickitat,West,79.4,7486.0,17.0,14.0,57.0,19.0,5.1,10.0
Washington,Lewis,West,75.6,9177.0,17.0,14.0,58.0,19.0,5.4,9.0
Washington,Lincoln,West,79.4,7269.0,14.0,14.0,64.0,19.0,4.9,8.0
Washington,Mason,West,76.6,9816.0,18.0,14.0,52.0,17.0,5.5,10.0
Washington,Okanogan,West,76.1,9893.0,22.0,17.0,49.0,22.0,5.5,16.0
Washington,Pacific,West,76.1,10076.0,18.0,16.0,57.0,19.0,6.0,10.0
Washington,Pend Oreille,West,72.9,13768.0,22.0,15.0,57.0,17.0,6.0,8.0
Washington,Pierce,West,77.4,7855.0,11.0,11.0,67.0,17.0,4.7,7.0
Washington,San Juan,West,87.4,3315.0,14.0,11.0,71.0,14.0,3.4,10.0
Washington,Skagit,West,78.5,6898.0,13.0,13.0,62.0,15.0,4.6,9.0
Washington,Skamania,West,82.5,5866.0,16.0,11.0,62.0,16.0,4.8,7.0
Washington,Snohomish,West,79.3,6059.0,10.0,10.0,73.0,15.0,3.5,7.0
Washington,Spokane,West,76.9,8070.0,13.0,13.0,69.0,16.0,4.2,6.0
Washington,Stevens,West,76.9,9095.0,18.0,15.0,57.0,17.0,6.0,8.0
Washington,Thurston,West,78.3,7249.0,10.0,12.0,73.0,14.0,4.1,7.0
Washington,Wahkiakum,West,79.6,,20.0,15.0,59.0,17.0,6.4,9.0
Washington,Walla Walla,West,77.7,7867.0,17.0,13.0,65.0,18.0,4.2,9.0
Washington,Whatcom,West,79.6,6159.0,12.0,13.0,74.0,15.0,4.3,8.0
Washington,Whitman,West,78.1,5805.0,15.0,14.0,86.0,19.0,4.0,7.0
Washington,Yakima,West,75.0,10201.0,21.0,15.0,49.0,26.0,5.8,14.0
West Virginia,Barbour,South,72.0,12789.0,25.0,16.0,33.0,26.0,4.8,8.0
West Virginia,Berkeley,South,73.3,11451.0,14.0,10.0,59.0,19.0,3.4,7.0
West Virginia,Boone,South,68.9,17744.0,25.0,15.0,51.0,27.0,4.2,7.0
West Virginia,Braxton,South,73.5,12079.0,24.0,16.0,32.0,27.0,5.1,8.0
West Virginia,Brooke,South,73.1,11823.0,18.0,13.0,61.0,22.0,5.0,6.0
West Virginia,Cabell,South,69.5,17385.0,24.0,15.0,68.0,25.0,3.7,8.0
West Virginia,Calhoun,South,71.5,14164.0,25.0,24.0,34.0,29.0,7.2,8.0
West Virginia,Clay,South,69.3,16180.0,31.0,19.0,39.0,28.0,5.8,7.0
West Virginia,Doddridge,South,76.8,9796.0,20.0,12.0,37.0,24.0,3.2,8.0
West Virginia,Fayette,South,69.8,15973.0,22.0,17.0,54.0,28.0,4.4,8.0
West Virginia,Gilmer,South,75.2,8058.0,24.0,12.0,41.0,24.0,5.3,9.0
West Virginia,Grant,South,74.3,11644.0,21.0,12.0,58.0,26.0,3.8,9.0
West Virginia,Greenbrier,South,71.4,14045.0,22.0,15.0,56.0,24.0,3.7,9.0
West Virginia,Hampshire,South,74.4,11950.0,19.0,15.0,45.0,25.0,2.8,8.0
West Virginia,Hancock,South,72.6,12479.0,17.0,14.0,59.0,24.0,5.8,7.0
West Virginia,Hardy,South,72.7,13700.0,16.0,14.0,41.0,27.0,4.3,8.0
West Virginia,Harrison,South,73.1,11897.0,16.0,13.0,58.0,22.0,3.3,8.0
West Virginia,Jackson,South,73.2,11780.0,20.0,16.0,63.0,21.0,4.2,7.0
West Virginia,Jefferson,South,75.9,9062.0,10.0,9.0,70.0,19.0,2.7,6.0
West Virginia,Kanawha,South,71.0,14979.0,19.0,14.0,61.0,22.0,3.6,8.0
West Virginia,Lewis,South,70.3,14632.0,20.0,15.0,52.0,25.0,4.6,7.0
West Virginia,Lincoln,South,68.7,17817.0,23.0,17.0,44.0,30.0,4.9,7.0
West Virginia,Logan,South,66.2,22020.0,23.0,19.0,42.0,29.0,4.2,8.0
West Virginia,McDowell,South,65.1,24029.0,37.0,22.0,24.0,34.0,6.4,10.0
West Virginia,Marion,South,73.5,11153.0,20.0,14.0,64.0,22.0,4.0,7.0
West Virginia,Marshall,South,74.3,10486.0,19.0,14.0,57.0,22.0,5.0,6.0
West Virginia,Mason,South,71.1,15004.0,23.0,14.0,54.0,24.0,4.6,6.0
West Virginia,Mercer,South,68.7,18112.0,26.0,16.0,57.0,22.0,4.4,8.0
West Virginia,Mineral,South,73.6,10866.0,17.0,12.0,54.0,22.0,4.1,5.0
West Virginia,Mingo,South,65.8,22437.0,31.0,22.0,37.0,30.0,5.3,10.0
West Virginia,Monongalia,South,77.6,7459.0,13.0,13.0,76.0,21.0,3.1,6.0
West Virginia,Monroe,South,72.2,14123.0,21.0,14.0,37.0,24.0,3.0,8.0
West Virginia,Morgan,South,73.1,13254.0,16.0,11.0,46.0,21.0,3.1,8.0
West Virginia,Nicholas,South,71.7,14497.0,23.0,15.0,54.0,23.0,4.6,8.0
West Virginia,Ohio,South,73.2,11927.0,17.0,13.0,65.0,19.0,3.8,7.0
West Virginia,Pendleton,South,74.7,10533.0,21.0,13.0,44.0,24.0,2.6,9.0
West Virginia,Pleasants,South,74.8,8033.0,17.0,12.0,48.0,23.0,5.4,6.0
West Virginia,Pocahontas,South,72.2,15349.0,25.0,16.0,30.0,28.0,4.5,10.0
West Virginia,Preston,South,74.0,11315.0,22.0,13.0,45.0,25.0,3.9,8.0
West Virginia,Putnam,South,75.4,9065.0,12.0,10.0,67.0,18.0,3.3,6.0
West Virginia,Raleigh,South,69.5,16996.0,21.0,17.0,54.0,26.0,3.7,8.0
West Virginia,Randolph,South,74.3,10398.0,25.0,14.0,42.0,23.0,4.8,7.0
West Virginia,Ritchie,South,73.3,12150.0,25.0,17.0,43.0,29.0,4.3,9.0
West Virginia,Roane,South,72.7,12745.0,26.0,18.0,41.0,30.0,6.0,9.0
West Virginia,Summers,South,69.4,18193.0,29.0,18.0,40.0,26.0,3.9,8.0
West Virginia,Taylor,South,73.6,10943.0,18.0,14.0,45.0,27.0,3.7,7.0
West Virginia,Tucker,South,75.1,9840.0,23.0,12.0,56.0,20.0,3.4,9.0
West Virginia,Tyler,South,74.8,10212.0,27.0,14.0,52.0,23.0,5.9,6.0
West Virginia,Upshur,South,74.7,10984.0,25.0,15.0,45.0,27.0,4.6,7.0
West Virginia,Wayne,South,70.4,16601.0,22.0,15.0,55.0,26.0,4.1,8.0
West Virginia,Webster,South,73.5,12111.0,37.0,16.0,51.0,26.0,5.1,7.0
West Virginia,Wetzel,South,70.2,15541.0,24.0,16.0,51.0,24.0,5.9,6.0
West Virginia,Wirt,South,72.4,12689.0,25.0,17.0,52.0,28.0,5.8,7.0
West Virginia,Wood,South,73.4,11836.0,19.0,14.0,56.0,23.0,4.1,8.0
West Virginia,Wyoming,South,68.7,17893.0,26.0,20.0,41.0,31.0,4.3,9.0
Wisconsin,Adams,Midwest,75.9,11056.0,21.0,14.0,53.0,17.0,5.1,9.0
Wisconsin,Ashland,Midwest,74.0,12410.0,17.0,14.0,69.0,19.0,3.7,7.0
Wisconsin,Barron,Midwest,77.6,7673.0,11.0,12.0,64.0,17.0,3.6,7.0
Wisconsin,Bayfield,Midwest,79.4,7971.0,16.0,12.0,74.0,15.0,4.5,8.0
Wisconsin,Brown,Midwest,78.7,6167.0,11.0,10.0,70.0,15.0,2.7,7.0
Wisconsin,Buffalo,Midwest,81.7,5033.0,12.0,11.0,62.0,15.0,4.4,6.0
Wisconsin,Burnett,Midwest,79.2,8122.0,22.0,12.0,60.0,18.0,4.6,8.0
Wisconsin,Calumet,Midwest,81.2,4553.0,5.0,8.0,75.0,13.0,2.4,4.0
Wisconsin,Chippewa,Midwest,78.8,6527.0,11.0,11.0,64.0,15.0,3.5,6.0
Wisconsin,Clark,Midwest,76.8,7843.0,16.0,11.0,44.0,19.0,2.8,20.0
Wisconsin,Columbia,Midwest,78.5,6231.0,9.0,9.0,64.0,14.0,2.6,6.0
Wisconsin,Crawford,Midwest,78.7,6916.0,18.0,12.0,62.0,18.0,3.9,7.0
Wisconsin,Dane,Midwest,80.8,5427.0,8.0,9.0,84.0,13.0,2.3,5.0
Wisconsin,Dodge,Midwest,76.7,7421.0,10.0,10.0,58.0,18.0,2.6,6.0
Wisconsin,Door,Midwest,80.2,5837.0,10.0,10.0,77.0,16.0,3.0,7.0
Wisconsin,Douglas,Midwest,76.4,8763.0,12.0,12.0,71.0,14.0,4.3,6.0
Wisconsin,Dunn,Midwest,79.8,5952.0,11.0,11.0,66.0,16.0,3.4,6.0
Wisconsin,Eau Claire,Midwest,78.7,6237.0,10.0,11.0,75.0,15.0,2.7,6.0
Wisconsin,Florence,Midwest,77.8,,19.0,11.0,66.0,19.0,3.4,7.0
Wisconsin,Fond du Lac,Midwest,77.8,7377.0,11.0,10.0,61.0,16.0,2.7,6.0
Wisconsin,Forest,Midwest,74.1,11728.0,21.0,13.0,58.0,19.0,4.8,10.0
Wisconsin,Grant,Midwest,78.0,7009.0,16.0,11.0,69.0,18.0,2.9,9.0
Wisconsin,Green,Midwest,79.2,5852.0,10.0,9.0,69.0,16.0,2.4,6.0
Wisconsin,Green Lake,Midwest,76.9,8058.0,15.0,12.0,60.0,21.0,3.4,9.0
Wisconsin,Iowa,Midwest,79.7,5478.0,9.0,9.0,69.0,14.0,2.6,5.0
Wisconsin,Iron,Midwest,79.0,5870.0,18.0,12.0,76.0,15.0,5.5,6.0
Wisconsin,Jackson,Midwest,76.4,9145.0,18.0,12.0,50.0,17.0,3.9,7.0
Wisconsin,Jefferson,Midwest,78.0,7008.0,10.0,9.0,66.0,15.0,2.8,6.0
Wisconsin,Juneau,Midwest,76.0,8839.0,16.0,13.0,56.0,19.0,3.2,7.0
Wisconsin,Kenosha,Midwest,76.7,7666.0,16.0,11.0,68.0,18.0,3.4,6.0
Wisconsin,Kewaunee,Midwest,79.9,6209.0,10.0,9.0,63.0,15.0,2.5,6.0
Wisconsin,La Crosse,Midwest,78.9,6575.0,10.0,10.0,79.0,14.0,2.6,5.0
Wisconsin,Lafayette,Midwest,79.4,7606.0,14.0,10.0,64.0,16.0,2.3,10.0
Wisconsin,Langlade,Midwest,76.7,8311.0,19.0,13.0,53.0,16.0,3.6,8.0
Wisconsin,Lincoln,Midwest,75.9,8877.0,12.0,11.0,55.0,16.0,3.2,6.0
Wisconsin,Manitowoc,Midwest,78.0,7254.0,11.0,11.0,63.0,15.0,3.0,6.0
Wisconsin,Marathon,Midwest,78.4,6974.0,12.0,10.0,71.0,15.0,2.7,7.0
Wisconsin,Marinette,Midwest,76.0,8697.0,16.0,11.0,64.0,18.0,4.0,7.0
Wisconsin,Marquette,Midwest,74.9,10606.0,16.0,12.0,49.0,19.0,3.7,7.0
Wisconsin,Menominee,Midwest,63.0,27937.0,46.0,16.0,47.0,26.0,6.1,4.0
Wisconsin,Milwaukee,Midwest,74.3,11226.0,23.0,13.0,67.0,19.0,3.8,8.0
Wisconsin,Monroe,Midwest,76.9,7458.0,17.0,11.0,60.0,16.0,2.7,9.0
Wisconsin,Oconto,Midwest,78.5,6794.0,11.0,10.0,64.0,17.0,3.3,6.0
Wisconsin,Oneida,Midwest,77.9,6918.0,12.0,11.0,71.0,14.0,3.4,7.0
Wisconsin,Outagamie,Midwest,79.0,6072.0,6.0,9.0,72.0,15.0,2.6,5.0
Wisconsin,Ozaukee,Midwest,81.0,4855.0,4.0,8.0,80.0,12.0,2.6,4.0
Wisconsin,Pepin,Midwest,81.8,5546.0,15.0,10.0,59.0,16.0,3.1,9.0
Wisconsin,Pierce,Midwest,79.8,5140.0,7.0,9.0,73.0,15.0,3.5,5.0
Wisconsin,Polk,Midwest,77.8,7642.0,12.0,11.0,66.0,17.0,4.1,7.0
Wisconsin,Portage,Midwest,79.3,5999.0,10.0,10.0,72.0,15.0,3.0,6.0
Wisconsin,Price,Midwest,78.4,6009.0,19.0,13.0,62.0,16.0,3.4,7.0
Wisconsin,Racine,Midwest,75.8,9277.0,15.0,11.0,66.0,18.0,3.6,7.0
Wisconsin,Richland,Midwest,78.5,7313.0,16.0,12.0,55.0,17.0,3.0,8.0
Wisconsin,Rock,Midwest,76.3,8626.0,15.0,11.0,67.0,16.0,3.4,7.0
Wisconsin,Rusk,Midwest,76.3,9153.0,21.0,12.0,57.0,17.0,3.7,8.0
Wisconsin,St. Croix,Midwest,79.8,4919.0,5.0,8.0,77.0,12.0,3.5,5.0
Wisconsin,Sauk,Midwest,77.7,7554.0,12.0,10.0,66.0,17.0,2.6,8.0
Wisconsin,Sawyer,Midwest,74.9,11331.0,19.0,13.0,66.0,18.0,4.2,9.0
Wisconsin,Shawano,Midwest,77.6,7118.0,15.0,11.0,58.0,16.0,3.0,8.0
Wisconsin,Sheboygan,Midwest,78.1,6926.0,12.0,9.0,65.0,14.0,2.5,5.0
Wisconsin,Taylor,Midwest,79.2,6980.0,16.0,10.0,53.0,17.0,3.7,8.0
Wisconsin,Trempealeau,Midwest,79.4,6005.0,14.0,10.0,60.0,16.0,3.5,8.0
Wisconsin,Vernon,Midwest,77.8,7508.0,18.0,11.0,59.0,17.0,2.8,12.0
Wisconsin,Vilas,Midwest,76.5,10459.0,17.0,11.0,64.0,16.0,3.9,9.0
Wisconsin,Walworth,Midwest,78.0,7248.0,11.0,10.0,67.0,14.0,2.9,8.0
Wisconsin,Washburn,Midwest,75.9,9092.0,16.0,12.0,61.0,17.0,3.7,8.0
Wisconsin,Washington,Midwest,79.6,5784.0,6.0,8.0,78.0,13.0,2.6,4.0
Wisconsin,Waukesha,Midwest,80.3,5179.0,4.0,8.0,84.0,12.0,2.6,4.0
Wisconsin,Waupaca,Midwest,76.5,7173.0,15.0,11.0,57.0,15.0,3.0,7.0
Wisconsin,Waushara,Midwest,77.6,8261.0,14.0,12.0,49.0,19.0,3.5,9.0
Wisconsin,Winnebago,Midwest,77.9,7250.0,11.0,11.0,69.0,15.0,2.7,6.0
Wisconsin,Wood,Midwest,77.1,7716.0,13.0,12.0,63.0,17.0,3.5,6.0
Wyoming,Albany,West,78.5,6762.0,12.0,16.0,85.0,15.0,2.6,14.0
Wyoming,Big Horn,West,76.1,8577.0,16.0,15.0,59.0,15.0,3.3,19.0
Wyoming,Campbell,West,76.5,8294.0,10.0,13.0,61.0,16.0,2.7,15.0
Wyoming,Carbon,West,75.8,9504.0,13.0,15.0,60.0,18.0,3.0,17.0
Wyoming,Converse,West,77.2,7553.0,13.0,14.0,64.0,17.0,2.3,13.0
Wyoming,Crook,West,76.8,7578.0,9.0,12.0,71.0,15.0,2.4,15.0
Wyoming,Fremont,West,70.5,16823.0,18.0,16.0,59.0,17.0,3.4,18.0
Wyoming,Goshen,West,75.8,9718.0,16.0,14.0,71.0,15.0,2.6,14.0
Wyoming,Hot Springs,West,73.0,11503.0,16.0,17.0,71.0,16.0,2.6,15.0
Wyoming,Johnson,West,79.3,7176.0,9.0,16.0,68.0,14.0,2.8,11.0
Wyoming,Laramie,West,76.0,8713.0,12.0,13.0,73.0,15.0,3.0,12.0
Wyoming,Lincoln,West,79.1,7435.0,8.0,12.0,62.0,14.0,2.9,17.0
Wyoming,Natrona,West,74.9,9915.0,12.0,14.0,68.0,17.0,3.2,13.0
Wyoming,Niobrara,West,78.3,,21.0,17.0,63.0,19.0,2.6,16.0
Wyoming,Park,West,78.1,7530.0,12.0,13.0,78.0,14.0,2.9,14.0
Wyoming,Platte,West,75.1,10706.0,15.0,15.0,57.0,16.0,2.9,16.0
Wyoming,Sheridan,West,78.2,7011.0,11.0,13.0,65.0,13.0,2.7,13.0
Wyoming,Sublette,West,80.2,8608.0,8.0,13.0,80.0,13.0,3.3,16.0
Wyoming,Sweetwater,West,74.6,10210.0,12.0,15.0,62.0,16.0,3.3,13.0
Wyoming,Teton,West,87.6,4174.0,6.0,11.0,77.0,11.0,2.1,15.0
Wyoming,Uinta,West,74.9,10947.0,11.0,13.0,60.0,16.0,3.2,14.0
Wyoming,Washakie,West,76.1,9591.0,17.0,13.0,70.0,17.0,3.3,15.0
Wyoming,Weston,West,78.0,6755.0,14.0,14.0,58.0,17.0,2.1,15.0
